group	threshold	feature	n_decoy	n_cryptic	decoy_median	cryptic_median	cliffs_delta	ci_low	ci_high	mwu_p	p_bh
All sites		psi_count_ge10	5679	16295	20.0	18.0	0.06695866151145191	0.048561096012121566	0.08450447812418735	5.1660186106381114e-14	5.682620471701923e-14
All sites		psi_count_ge10_brain	5679	16295	3.0	3.0	0.06538927431970665	0.04656366908093807	0.0821120503876704	1.305813292652904e-13	1.305813292652904e-13
All sites		intron_length	5679	16295	3091.0	3453.0	-0.0752216044847106	-0.09128775064822453	-0.060019702979182764	2.7963596437057103e-17	3.4177728978625354e-17
All sites		intron_gc	5679	16295	0.416667	0.46439	-0.2953705779398278	-0.3105886082675896	-0.27719076612905186	1.1086407949552333e-241	6.097524372253783e-241
All sites		site_gc_49nt	5679	16295	0.44898	0.489796	-0.1812393015054522	-0.1967112258407387	-0.16618851065501306	1.624881479494355e-92	5.957898758145968e-92
All sites		SpliceAI_score	5679	16295	0.192391	0.163639	0.17192465406996527	0.15610167106830977	0.18678518630542978	3.373415385197342e-83	9.276892309292691e-83
All sites		decoy_distance_from_canonical_5ss	5679	16295	1185.0	1433.0	-0.08469845326804648	-0.1012416599627585	-0.06908518196673295	1.7325921272739143e-21	2.3823141750016323e-21
All sites		MaxEnt_decoy	5679	16295	9.6	8.72	0.29596258584392876	0.28032661094655936	0.312471604633296	1.1660213773074695e-242	1.2826235150382165e-241
All sites		MaxEnt_canonical	5679	16295	8.73	8.98	-0.08625639667382412	-0.10143372753880092	-0.07160184691250926	3.1552591424413548e-22	4.958264366693557e-22
All sites		phastCons100_mean	5679	16295	0.0495493	0.0433328	0.08912304884935107	0.07163171287054729	0.10722782254524169	1.2799223353139876e-23	2.346524281408977e-23
All sites		phastCons470_mean	5679	16295	0.0555461	0.0454934	0.11681386628092794	0.10012155969833585	0.13422684069217933	2.226378459763508e-39	4.898032611479718e-39
Site MaxEnt >= 8	8.0	psi_count_ge10	4768	10998	21.0	18.0	0.07054605947268011	0.04998636497056818	0.08775520102953427	1.8127826134535415e-12	2.4925760934986197e-12
Site MaxEnt >= 8	8.0	psi_count_ge10_brain	4768	10998	3.0	3.0	0.06790027259379672	0.04955269713849737	0.08353692100897538	8.348337678650997e-12	1.0203523829462331e-11
Site MaxEnt >= 8	8.0	intron_length	4768	10998	3121.0	3331.5	-0.04025669020358791	-0.05890428636506209	-0.024648334474480352	5.7917733569916875e-05	5.7917733569916875e-05
Site MaxEnt >= 8	8.0	intron_gc	4768	10998	0.415337	0.464444	-0.3060167628098336	-0.32210474214118856	-0.28875935944653147	3.336732753440596e-205	3.670406028784656e-204
Site MaxEnt >= 8	8.0	site_gc_49nt	4768	10998	0.44898	0.489796	-0.18392079523915883	-0.20363406954482874	-0.16735470979851735	1.343382107573327e-75	4.925734394435533e-75
Site MaxEnt >= 8	8.0	SpliceAI_score	4768	10998	0.20348	0.17457850000000003	0.16215131701798136	0.14085188975024132	0.17989771306039784	5.3046766314091835e-59	1.4587860736375255e-58
Site MaxEnt >= 8	8.0	decoy_distance_from_canonical_5ss	4768	10998	1193.5	1336.0	-0.047208781706497005	-0.06606047566534362	-0.030410658576879707	2.410410498296799e-06	2.6514515481264793e-06
Site MaxEnt >= 8	8.0	MaxEnt_decoy	4768	10998	9.81	9.35	0.2127395455366503	0.19377676136738106	0.23043421094485145	3.1636706021745766e-100	1.740018831196017e-99
Site MaxEnt >= 8	8.0	MaxEnt_canonical	4768	10998	8.73	8.95	-0.08340045963207465	-0.09978212319491275	-0.06362356218137889	8.022348089492854e-17	1.2606546997774485e-16
Site MaxEnt >= 8	8.0	phastCons100_mean	4768	10998	0.050052200000000005	0.0421988	0.11761749924635478	0.09879856082359686	0.14033310977606064	7.187142336607359e-32	1.317642761711349e-31
Site MaxEnt >= 8	8.0	phastCons470_mean	4768	10998	0.0559702	0.0446951	0.1371417934743473	0.11758932670110253	0.15614844143794906	1.0329161276354998e-42	2.2724154807980997e-42
Site MaxEnt >= 9	9.0	psi_count_ge10	3563	7000	21.0	18.0	0.05992939336834935	0.03279860470710869	0.0841824365502587	4.5429677324064834e-07	6.246580632058914e-07
Site MaxEnt >= 9	9.0	psi_count_ge10_brain	3563	7000	3.0	3.0	0.0564260454673029	0.0306208943105729	0.08147961890060547	1.7289437821947755e-06	2.1131535115713923e-06
Site MaxEnt >= 9	9.0	intron_length	3563	7000	3195.0	3398.0	-0.03947600336794832	-0.06270794875907136	-0.018318730203279777	0.0008928534048949718	0.0008928534048949718
Site MaxEnt >= 9	9.0	intron_gc	3563	7000	0.414947	0.463912	-0.31180493965759193	-0.33381043963754464	-0.2922206968445532	8.970441539915077e-152	9.867485693906585e-151
Site MaxEnt >= 9	9.0	site_gc_49nt	3563	7000	0.44898	0.489796	-0.20458818812397261	-0.22720844392766934	-0.1856380979110701	1.2268655430850847e-66	6.747760486967966e-66
Site MaxEnt >= 9	9.0	SpliceAI_score	3563	7000	0.21933	0.18694650000000002	0.15566865803295782	0.13216677057856546	0.1794674652179142	3.2494969278798265e-39	8.936116551669523e-39
Site MaxEnt >= 9	9.0	decoy_distance_from_canonical_5ss	3563	7000	1215.0	1360.5	-0.04819373721983877	-0.06901207349344454	-0.02190758590273041	4.9928841670728976e-05	5.4921725837801875e-05
Site MaxEnt >= 9	9.0	MaxEnt_decoy	3563	7000	10.19	9.89	0.20390345214706707	0.18254512850326762	0.22642280381700822	4.890696949758898e-66	1.7932555482449293e-65
Site MaxEnt >= 9	9.0	MaxEnt_canonical	3563	7000	8.73	9.04	-0.09639140371276211	-0.11956163145022256	-0.07332630307525763	4.95823066776496e-16	7.791505335059222e-16
Site MaxEnt >= 9	9.0	phastCons100_mean	3563	7000	0.0504527	0.0423585	0.11922156288841657	0.09828376067519351	0.14406332945751976	1.0845582149574982e-23	1.9883567274220798e-23
Site MaxEnt >= 9	9.0	phastCons470_mean	3563	7000	0.0558837	0.04456645	0.1350109057375406	0.11527703780922972	0.1600018974780482	6.431329762591156e-30	1.4148925477700544e-29
Site MaxEnt >= 10	10.0	psi_count_ge10	2200	3418	22.0	18.0	0.08005159848928134	0.04939902720889418	0.11192526863131008	3.9106674390771376e-07	5.377167728731064e-07
Site MaxEnt >= 10	10.0	psi_count_ge10_brain	2200	3418	3.0	3.0	0.07310402149050477	0.04174280546837594	0.10405708415341247	3.0958077793398767e-06	3.7837650636376274e-06
Site MaxEnt >= 10	10.0	intron_length	2200	3418	3388.5	3507.5	-0.026158306292887956	-0.05963615750837808	-0.0021613084472577775	0.09743201480846084	0.09743201480846084
Site MaxEnt >= 10	10.0	intron_gc	2200	3418	0.4135765	0.45816049999999997	-0.30275466780147875	-0.3326775892334699	-0.2728360850311187	5.121754439944791e-82	5.63392988393927e-81
Site MaxEnt >= 10	10.0	site_gc_49nt	2200	3418	0.428571	0.489796	-0.23150699505292838	-0.2655029589339858	-0.19969750718123308	7.254487564499762e-49	3.989968160474869e-48
Site MaxEnt >= 10	10.0	SpliceAI_score	2200	3418	0.24400149999999998	0.21457500000000002	0.12962285227937653	0.09888127360497906	0.16213982126708865	2.1546504307873603e-16	4.740230947732193e-16
Site MaxEnt >= 10	10.0	decoy_distance_from_canonical_5ss	2200	3418	1269.0	1401.5	-0.03826932283632112	-0.06474616003510829	-0.010733719213787973	0.015316380095025233	0.016848018104527757
Site MaxEnt >= 10	10.0	MaxEnt_decoy	2200	3418	10.52	10.45	0.18325841800095755	0.15354485610936758	0.2134283904728974	3.121712996781385e-31	1.1446280988198412e-30
Site MaxEnt >= 10	10.0	MaxEnt_canonical	2200	3418	8.77	9.05	-0.08914689611149529	-0.1201164722857599	-0.05715261117612639	1.6166555489749006e-08	2.540458719817701e-08
Site MaxEnt >= 10	10.0	phastCons100_mean	2200	3418	0.05113025	0.04335145	0.11643824139581893	0.08344055534868886	0.1455345530347359	1.609932585898849e-13	2.9515430741478897e-13
Site MaxEnt >= 10	10.0	phastCons470_mean	2200	3418	0.056896749999999996	0.04544315	0.13899289855843389	0.11150041558061592	0.17013741089951584	1.2870988758162952e-18	3.539521908494812e-18
