locus_id	chrom	start	end	gene	splice_score	strand	flag	recount_sources
KLHL17_964347	chr1	964347	964348	KLHL17	0.063502	+	1	GTEX,SRA,TCGA
AGRN_1042747	chr1	1042747	1042748	AGRN	0.025351	+	1	GTEX,SRA,TCGA
DVL1_1339812	chr1	1339812	1339813	DVL1	0.020732	-	1	GTEX,SRA,TCGA
CCDC27_3753202	chr1	3753202	3753203	CCDC27	0.107973	+	1	GTEX,SRA,TCGA
DFFB_3869603	chr1	3869603	3869604	DFFB	0.382597	+	1	GTEX,SRA,TCGA
ESPN_6446379	chr1	6446379	6446380	ESPN	0.183238	+	1	GTEX,SRA,TCGA
GPR157_9105481	chr1	9105481	9105482	GPR157	0.018175	-	1	GTEX,SRA,TCGA
CLSTN1_9740657	chr1	9740657	9740658	CLSTN1	0.004447	-	1	GTEX,SRA,TCGA
PGD_10417350	chr1	10417350	10417351	PGD	0.010296	+	1	GTEX,SRA,TCGA
C1orf127_10957193	chr1	10957193	10957194	C1orf127	0.065931	-	1	GTEX,SRA,TCGA
CLCN6_11822933	chr1	11822933	11822934	CLCN6	0.070673	+	1	GTEX,SRA,TCGA
MIIP_12021643	chr1	12021643	12021644	MIIP	0.041673	+	1	GTEX,SRA,TCGA
VPS13D_12319495	chr1	12319495	12319496	VPS13D	0.451706	+	1	GTEX,SRA,TCGA
VPS13D_12342660	chr1	12342660	12342661	VPS13D	0.312797	+	1	GTEX,SRA,TCGA
PADI1_17228623	chr1	17228623	17228624	PADI1	0.067819	+	1	GTEX,SRA,TCGA
RCC2_17416210	chr1	17416210	17416211	RCC2	0.512773	-	1	GTEX,SRA,TCGA
ARHGEF10L_17639312	chr1	17639312	17639313	ARHGEF10L	0.008343	+	1	GTEX,SRA,TCGA
ARHGEF10L_17639453	chr1	17639453	17639454	ARHGEF10L	0.170752	+	1	GTEX,SRA,TCGA
VWA5B1_20323272	chr1	20323272	20323273	VWA5B1	0.170354	+	1	GTEX,SRA,TCGA
USP48_21756828	chr1	21756828	21756829	USP48	0.016881	-	1	GTEX,SRA,TCGA
ZBTB40_22510225	chr1	22510225	22510226	ZBTB40	0.050976	+	1	GTEX,SRA,TCGA
EPHA8_22573175	chr1	22573175	22573176	EPHA8	0.234789	+	1	GTEX,SRA,TCGA
EPHA8_22601298	chr1	22601298	22601299	EPHA8	0.012532	+	1	GTEX,SRA,TCGA
PNRC2_23960086	chr1	23960086	23960087	PNRC2	0.139513	+	1	GTEX,SRA,TCGA
IL22RA1_24124047	chr1	24124047	24124048	IL22RA1	0.093576	-	1	GTEX,SRA,TCGA
PPP1R8_27831369	chr1	27831369	27831370	PPP1R8	0.061825	+	1	GTEX,SRA,TCGA
RAB42_28592749	chr1	28592749	28592750	RAB42	0.088595	+	2	GTEX,SRA,TCGA
TMEM54_32897775	chr1	32897775	32897776	TMEM54	0.351227	-	1	GTEX,SRA,TCGA
PHC2_33327347	chr1	33327347	33327348	PHC2	0.202087	-	1	GTEX,SRA,TCGA
CSMD2_33523069	chr1	33523069	33523070	CSMD2	0.103667	-	1	GTEX,SRA,TCGA
GJB3_34784261	chr1	34784261	34784262	GJB3	0.050667	+	1	GTEX,SRA,TCGA
ZMYM1_35099841	chr1	35099841	35099842	ZMYM1	0.047155	+	2	GTEX,SRA,TCGA
THRAP3_36287870	chr1	36287870	36287871	THRAP3	0.301887	+	1	GTEX,SRA,TCGA
SH3D21_36308210	chr1	36308210	36308211	SH3D21	0.021140	+	1	GTEX,SRA,TCGA
GNL2_37583693	chr1	37583693	37583694	GNL2	0.252193	-	1	GTEX,SRA,TCGA
CCDC30_42541365	chr1	42541365	42541366	CCDC30	0.058216	+	1	GTEX,SRA,TCGA
CLDN19_42737544	chr1	42737544	42737545	CLDN19	0.112830	-	1	GTEX,SRA,TCGA
ERMAP_42828349	chr1	42828349	42828350	ERMAP	0.164292	+	1	GTEX,SRA,TCGA
CFAP57_43183589	chr1	43183589	43183590	CFAP57	0.245242	+	1	GTEX,SRA,TCGA
TIE1_43321614	chr1	43321614	43321615	TIE1	0.197738	+	1	GTEX,SRA,TCGA
RNF220_44632571	chr1	44632571	44632572	RNF220	0.038777	+	1	GTEX,SRA,TCGA
KIF2C_44746390	chr1	44746390	44746391	KIF2C	0.128274	+	1	GTEX,SRA,TCGA
PLK3_44803598	chr1	44803598	44803599	PLK3	0.431979	+	1	GTEX,SRA,TCGA
MAST2_46028766	chr1	46028766	46028767	MAST2	0.058101	+	1	GTEX,SRA,TCGA
STIL_47261262	chr1	47261262	47261263	STIL	0.180152	-	1	GTEX,SRA,TCGA
SLC5A9_48236024	chr1	48236024	48236025	SLC5A9	0.291290	+	2	GTEX,SRA,TCGA
SPATA6_48403372	chr1	48403372	48403373	SPATA6	0.046892	-	1	GTEX,SRA
OSBPL9_51776831	chr1	51776831	51776832	OSBPL9	0.018831	+	1	GTEX,SRA,TCGA
NRDC_51815381	chr1	51815381	51815382	NRDC	0.157664	-	1	GTEX,SRA,TCGA
BTF3L4_52060662	chr1	52060662	52060663	BTF3L4	0.043862	+	1	GTEX,SRA,TCGA
ZFYVE9_52337218	chr1	52337218	52337219	ZFYVE9	0.148089	+	1	GTEX,SRA,TCGA
ORC1_52388235	chr1	52388235	52388236	ORC1	0.123289	-	1	GTEX,SRA,TCGA
ORC1_52394553	chr1	52394553	52394554	ORC1	0.049055	-	1	GTEX,SRA,TCGA
PRPF38A_52405312	chr1	52405312	52405313	PRPF38A	0.231910	+	1	GTEX,SRA,TCGA
SCP2_52960165	chr1	52960165	52960166	SCP2	0.065493	+	1	GTEX,SRA,TCGA
LEXM_54814568	chr1	54814568	54814569	LEXM	0.062121	+	1	GTEX,SRA,TCGA
PRKAA2_56706468	chr1	56706468	56706469	PRKAA2	0.323514	+	1	GTEX,SRA,TCGA
MYSM1_58699622	chr1	58699622	58699623	MYSM1	0.130954	-	1	GTEX,SRA,TCGA
UBE2U_64204782	chr1	64204782	64204783	UBE2U	0.039540	+	1	GTEX,SRA,TCGA
CACHD1_64660395	chr1	64660395	64660396	CACHD1	0.251460	+	1	GTEX,SRA,TCGA
LEPR_65613041	chr1	65613041	65613042	LEPR	0.134957	+	1	GTEX,SRA,TCGA
IL12RB2_67387206	chr1	67387206	67387207	IL12RB2	0.081276	+	1	GTEX,SRA,TCGA
GNG12_67705744	chr1	67705744	67705745	GNG12	0.096240	-	1	GTEX,SRA,TCGA
DIRAS3_68047890	chr1	68047890	68047891	DIRAS3	0.102225	-	1	GTEX,SRA,TCGA
DEPDC1_68486141	chr1	68486141	68486142	DEPDC1	0.008422	-	1	GTEX,SRA,TCGA
ANKRD13C_70293503	chr1	70293503	70293504	ANKRD13C	0.183496	-	1	GTEX,SRA,TCGA
SLC44A5_75213563	chr1	75213563	75213564	SLC44A5	0.059889	-	1	GTEX,SRA,TCGA
CLCA1_86475523	chr1	86475523	86475524	CLCA1	0.141047	+	1	GTEX,SRA
GBP7_89134799	chr1	89134799	89134800	GBP7	0.412275	-	1	GTEX,SRA,TCGA
TGFBR3_91713529	chr1	91713529	91713530	TGFBR3	0.177995	-	1	GTEX,SRA,TCGA
RPAP2_92300501	chr1	92300501	92300502	RPAP2	0.068956	+	1	GTEX,SRA,TCGA
FRRS1_99749001	chr1	99749001	99749002	FRRS1	0.278357	-	1	GTEX,SRA,TCGA
EXTL2_100876032	chr1	100876032	100876033	EXTL2	0.242331	-	1	GTEX,SRA,TCGA
COL11A1_102895364	chr1	102895364	102895365	COL11A1	0.076896	-	1	GTEX,SRA,TCGA
VAV3_107754740	chr1	107754740	107754741	VAV3	0.320036	-	1	GTEX,SRA,TCGA
MYBPHL_109295612	chr1	109295612	109295613	MYBPHL	0.169977	-	1	GTEX,SRA,TCGA
CAPZA1_112651619	chr1	112651619	112651620	CAPZA1	0.224126	+	2	GTEX,SRA,TCGA
MAGI3_113656743	chr1	113656743	113656744	MAGI3	0.037869	+	1	GTEX,SRA,TCGA
TTF2_117097349	chr1	117097349	117097350	TTF2	0.029710	+	1	GTEX,SRA,TCGA
HMGCS2_119759611	chr1	119759611	119759612	HMGCS2	0.058177	-	1	GTEX,SRA,TCGA
REG4_119799576	chr1	119799576	119799577	REG4	0.042659	-	1	GTEX,SRA,TCGA
NOTCH2_119922446	chr1	119922446	119922447	NOTCH2	0.094577	-	1	GTEX,SRA,TCGA
NOTCH2_119950079	chr1	119950079	119950080	NOTCH2	0.175507	-	1	GTEX,SRA
ITGA10_145897747	chr1	145897747	145897748	ITGA10	0.003204	-	1	GTEX,SRA,TCGA
PSMB4_151399808	chr1	151399808	151399809	PSMB4	0.234659	+	1	GTEX,SRA,TCGA
RIIAD1_151724237	chr1	151724237	151724238	RIIAD1	0.103150	+	1	GTEX,SRA,TCGA
RORC_151815879	chr1	151815879	151815880	RORC	0.426189	-	1	GTEX,SRA,TCGA
CRCT1_152515360	chr1	152515360	152515361	CRCT1	0.149591	+	1	GTEX,SRA,TCGA
PGLYRP3_153299639	chr1	153299639	153299640	PGLYRP3	0.701094	-	1	GTEX,SRA,TCGA
NUP210L_154054407	chr1	154054407	154054408	NUP210L	0.036406	-	1	GTEX,SRA,TCGA
UBE2Q1_154554515	chr1	154554515	154554516	UBE2Q1	0.402792	-	1	GTEX,SRA,TCGA
EFNA1_155128175	chr1	155128175	155128176	EFNA1	0.064928	+	1	GTEX,SRA,TCGA
EFNA1_155128506	chr1	155128506	155128507	EFNA1	0.058047	+	1	GTEX,SRA,TCGA
TRIM46_155178849	chr1	155178849	155178850	TRIM46	0.079180	+	1	GTEX,SRA,TCGA
GBA_155236469	chr1	155236469	155236470	GBA	0.274611	-	1	GTEX,SRA,TCGA
SMG5_156273563	chr1	156273563	156273564	SMG5	0.037662	-	1	GTEX,SRA,TCGA
KIRREL_158080502	chr1	158080502	158080503	KIRREL	0.223144	+	1	GTEX,SRA,TCGA
CADM3_159193330	chr1	159193330	159193331	CADM3	0.039355	+	1	GTEX,SRA,TCGA
SLAMF8_159834242	chr1	159834242	159834243	SLAMF8	0.039881	+	1	GTEX,SRA,TCGA
SLAMF8_159834246	chr1	159834246	159834247	SLAMF8	0.008444	+	1	GTEX,SRA,TCGA
COPA_160306887	chr1	160306887	160306888	COPA	0.065954	-	1	GTEX,SRA,TCGA
COPA_160312868	chr1	160312868	160312869	COPA	0.057966	-	1	GTEX,SRA,TCGA
NECTIN4_161074967	chr1	161074967	161074968	NECTIN4	0.029281	-	1	GTEX,SRA,TCGA
NECTIN4_161074969	chr1	161074969	161074970	NECTIN4	0.006686	-	1	GTEX,SRA,TCGA
DUSP12_161756133	chr1	161756133	161756134	DUSP12	0.063769	+	1	GTEX,SRA,TCGA
SLC19A2_169476414	chr1	169476414	169476415	SLC19A2	0.173153	-	1	GTEX,SRA,TCGA
MROH9_170990630	chr1	170990630	170990631	MROH9	0.056376	+	1	GTEX,SRA,TCGA
SERPINC1_173916406	chr1	173916406	173916407	SERPINC1	0.087290	-	1	GTEX,SRA,TCGA
BRINP2_177275179	chr1	177275179	177275180	BRINP2	0.060866	+	1	GTEX,SRA,TCGA
FAM20B_179064217	chr1	179064217	179064218	FAM20B	0.309982	+	1	GTEX,SRA,TCGA
FAM20B_179064221	chr1	179064221	179064222	FAM20B	0.234561	+	1	GTEX,SRA,TCGA
TOR1AIP2_179848224	chr1	179848224	179848225	TOR1AIP2	0.073078	-	1	GTEX,SRA,TCGA
QSOX1_180183285	chr1	180183285	180183286	QSOX1	0.171388	+	1	GTEX,SRA,TCGA
STX6_181005219	chr1	181005219	181005220	STX6	0.013105	-	1	GTEX,SRA,TCGA
CACNA1E_181720204	chr1	181720204	181720205	CACNA1E	0.003110	+	1	GTEX,SRA,TCGA
DHX9_182855727	chr1	182855727	182855728	DHX9	0.019176	+	1	GTEX,SRA,TCGA
RGL1_183883105	chr1	183883105	183883106	RGL1	0.100581	+	1	GTEX,SRA,TCGA
TRMT1L_185137441	chr1	185137441	185137442	TRMT1L	0.169345	-	1	GTEX,SRA,TCGA
TPR_186326410	chr1	186326410	186326411	TPR	0.085541	-	1	GTEX,SRA,TCGA
PLA2G4A_186949022	chr1	186949022	186949023	PLA2G4A	0.211583	+	1	GTEX,SRA,TCGA
NAV1_201786427	chr1	201786427	201786428	NAV1	0.346556	+	1	GTEX,SRA,TCGA
RNPEP_202000383	chr1	202000383	202000384	RNPEP	0.026137	+	1	GTEX,SRA,TCGA
LGR6_202308141	chr1	202308141	202308142	LGR6	0.185300	+	1	GTEX,SRA,TCGA
SOX13_204113255	chr1	204113255	204113256	SOX13	0.095489	+	1	GTEX,SRA,TCGA
PIK3C2B_204450853	chr1	204450853	204450854	PIK3C2B	0.181200	-	1	GTEX,SRA,TCGA
NUAK2_205305430	chr1	205305430	205305431	NUAK2	0.018302	-	1	GTEX,SRA,TCGA
SLC26A9_205917852	chr1	205917852	205917853	SLC26A9	0.022542	-	1	GTEX,SRA,TCGA
CR1_207634761	chr1	207634761	207634762	CR1	0.132658	+	1	GTEX,SRA,TCGA
TRAF5_211366489	chr1	211366489	211366490	TRAF5	0.287396	+	1	GTEX,SRA,TCGA
NEK2_211669543	chr1	211669543	211669544	NEK2	0.326252	-	1	GTEX,SRA,TCGA
TATDN3_212815011	chr1	212815011	212815012	TATDN3	0.360223	+	1	GTEX,SRA,TCGA
VASH2_212961363	chr1	212961363	212961364	VASH2	0.064504	+	1	GTEX,SRA,TCGA
EPRS_220013748	chr1	220013748	220013749	EPRS	0.022897	-	1	GTEX,SRA,TCGA
LINC01352_220831140	chr1	220831140	220831141	LINC01352	0.138302	+	1	GTEX,SRA
MIA3_222623350	chr1	222623350	222623351	MIA3	0.159554	+	1	GTEX,SRA,TCGA
DISP1_222989523	chr1	222989523	222989524	DISP1	0.040577	+	1	GTEX,SRA,TCGA
CAPN8_223622900	chr1	223622900	223622901	CAPN8	0.035389	-	1	GTEX,SRA,TCGA
CAPN9_230772012	chr1	230772012	230772013	CAPN9	0.203646	+	1	GTEX,SRA,TCGA
TTC13_230928055	chr1	230928055	230928056	TTC13	0.046993	-	1	GTEX,SRA,TCGA
TTC13_230934852	chr1	230934852	230934853	TTC13	0.076074	-	1	GTEX,SRA,TCGA
SPRTN_231348158	chr1	231348158	231348159	SPRTN	0.058643	+	1	GTEX,SRA,TCGA
EGLN1_231370698	chr1	231370698	231370699	EGLN1	0.147126	-	1	GTEX,SRA,TCGA
TARBP1_234400230	chr1	234400230	234400231	TARBP1	0.046527	-	1	GTEX,SRA,TCGA
NID1_236043114	chr1	236043114	236043115	NID1	0.099249	-	1	GTEX,SRA,TCGA
ERO1B_236247235	chr1	236247235	236247236	ERO1B	0.207774	-	1	GTEX,SRA,TCGA
RYR2_237726934	chr1	237726934	237726935	RYR2	0.074883	+	1	GTEX,SRA,TCGA
EXO1_241852101	chr1	241852101	241852102	EXO1	0.149942	+	1	GTEX,SRA,TCGA
EXO1_241866730	chr1	241866730	241866731	EXO1	0.008492	+	1	GTEX,SRA,TCGA
ADSS_244430030	chr1	244430030	244430031	ADSS	0.061497	-	1	GTEX,SRA,TCGA
SMYD3_245929511	chr1	245929511	245929512	SMYD3	0.262114	-	1	GTEX,SRA,TCGA
WDR37_1074967	chr10	1074967	1074968	WDR37	0.068941	+	1	GTEX,SRA,TCGA
UPF2_11952375	chr10	11952375	11952376	UPF2	0.317904	-	1	GTEX,SRA,TCGA
CDNF_14837155	chr10	14837155	14837156	CDNF	0.226295	-	1	GTEX,SRA,TCGA
ANKRD26_27051052	chr10	27051052	27051053	ANKRD26	0.016152	-	1	GTEX,SRA,TCGA
MKX_27744020	chr10	27744020	27744021	MKX	0.005736	-	1	GTEX,SRA,TCGA
SVIL_29470483	chr10	29470483	29470484	SVIL	0.553151	-	1	GTEX,SRA,TCGA
CCDC7_32469746	chr10	32469746	32469747	CCDC7	0.209794	+	1	GTEX,SRA,TCGA
BMS1_42818075	chr10	42818075	42818076	BMS1	0.338172	+	1	GTEX,SRA,TCGA
RET_43105727	chr10	43105727	43105728	RET	0.139005	+	1	GTEX,SRA,TCGA
RASSF4_44990084	chr10	44990084	44990085	RASSF4	0.056433	+	1	GTEX,SRA,TCGA
MSMB_46042473	chr10	46042473	46042474	MSMB	0.045047	-	1	GTEX,SRA,TCGA
ANTXRL_46307638	chr10	46307638	46307639	ANTXRL	0.204256	+	1	GTEX,SRA,TCGA
PARG_49934386	chr10	49934386	49934387	PARG	0.438460	-	1	GTEX,SRA,TCGA
NRBF2_63146425	chr10	63146425	63146426	NRBF2	0.047584	+	1	GTEX,SRA,TCGA
JMJD1C_63202128	chr10	63202128	63202129	JMJD1C	0.129336	-	1	GTEX,SRA,TCGA
MYPN_68199366	chr10	68199366	68199367	MYPN	0.165619	+	1	GTEX,SRA,TCGA
DNA2_68433837	chr10	68433837	68433838	DNA2	0.358196	-	1	GTEX,SRA,TCGA
TET1_68648336	chr10	68648336	68648337	TET1	0.215202	+	1	GTEX,SRA,TCGA
DDX50_68907969	chr10	68907969	68907970	DDX50	0.024244	+	1	GTEX,SRA,TCGA
KIF1BP_68995278	chr10	68995278	68995279	KIF1BP	0.151970	+	1	GTEX,SRA,TCGA
SUPV3L1_69189265	chr10	69189265	69189266	SUPV3L1	0.004406	+	1	GTEX,SRA,TCGA
ADAMTS14_70753798	chr10	70753798	70753799	ADAMTS14	0.136518	+	1	GTEX,SRA,TCGA
VSIR_71755015	chr10	71755015	71755016	VSIR	0.150244	-	1	GTEX,SRA,TCGA
DNAJC9_73246438	chr10	73246438	73246439	DNAJC9	0.024889	-	1	GTEX,SRA,TCGA
PPP3CB_73477157	chr10	73477157	73477158	PPP3CB	0.390897	-	1	GTEX,SRA,TCGA
PPIF_79350523	chr10	79350523	79350524	PPIF	0.595724	+	1	GTEX,SRA,TCGA
MMRN2_86945476	chr10	86945476	86945477	MMRN2	0.220164	-	1	GTEX,SRA,TCGA
ATAD1_87754957	chr10	87754957	87754958	ATAD1	0.013188	-	1	GTEX,SRA,TCGA
ATAD1_87755242	chr10	87755242	87755243	ATAD1	0.037028	-	1	GTEX,SRA,TCGA
LIPJ_88595403	chr10	88595403	88595404	LIPJ	0.026535	+	1	GTEX,SRA,TCGA
LIPF_88665562	chr10	88665562	88665563	LIPF	0.036682	+	1	GTEX,SRA,TCGA
LIPK_88743721	chr10	88743721	88743722	LIPK	0.042437	+	1	GTEX,SRA,TCGA
RPP30_90876359	chr10	90876359	90876360	RPP30	0.152068	+	1	GTEX,SRA,TCGA
TNKS2_91830093	chr10	91830093	91830094	TNKS2	0.064902	+	1	GTEX,SRA,TCGA
EXOC6_93057916	chr10	93057916	93057917	EXOC6	0.025872	+	1	GTEX,SRA,TCGA
NOC3L_94361318	chr10	94361318	94361319	NOC3L	0.208382	-	1	GTEX,SRA,TCGA
CYP2C18_94733612	chr10	94733612	94733613	CYP2C18	0.078109	+	1	GTEX,SRA,TCGA
ALDH18A1_95626994	chr10	95626994	95626995	ALDH18A1	0.021984	-	1	SRA
PYROXD2_98393083	chr10	98393083	98393084	PYROXD2	0.272855	-	1	GTEX,SRA,TCGA
PYROXD2_98394971	chr10	98394971	98394972	PYROXD2	0.160770	-	1	GTEX,SRA,TCGA
NKX2-3_99533646	chr10	99533646	99533647	NKX2-3	0.280597	+	1	GTEX,SRA,TCGA
ENTPD7_99701564	chr10	99701564	99701565	ENTPD7	0.083478	+	1	GTEX,SRA,TCGA
ABCC2_99796857	chr10	99796857	99796858	ABCC2	0.218712	+	3	GTEX,SRA,TCGA
SCD_100348406	chr10	100348406	100348407	SCD	0.041120	+	1	GTEX,SRA,TCGA
SCD_100352867	chr10	100352867	100352868	SCD	0.068535	+	1	GTEX,SRA,TCGA
BTRC_101535352	chr10	101535352	101535353	BTRC	0.336802	+	1	GTEX,SRA,TCGA
MFSD13A_102469882	chr10	102469882	102469883	MFSD13A	0.128110	+	1	GTEX,SRA,TCGA
PDCD11_103413114	chr10	103413114	103413115	PDCD11	0.111204	+	1	GTEX,SRA,TCGA
NEURL1_103585355	chr10	103585355	103585356	NEURL1	0.341322	+	1	GTEX,SRA,TCGA
CFAP43_104181309	chr10	104181309	104181310	CFAP43	0.296390	-	1	GTEX,SRA,TCGA
GSTO1_104257482	chr10	104257482	104257483	GSTO1	0.583430	+	1	GTEX,SRA,TCGA
CFAP58_104370596	chr10	104370596	104370597	CFAP58	0.174482	+	1	GTEX,SRA,TCGA
CFAP58_104450822	chr10	104450822	104450823	CFAP58	0.010292	+	1	GTEX,SRA,TCGA
ADD3_110119010	chr10	110119010	110119011	ADD3	0.000707	+	1	GTEX,SRA,TCGA
GPAM_112160314	chr10	112160314	112160315	GPAM	0.073983	-	1	GTEX,SRA,TCGA
NRAP_113631274	chr10	113631274	113631275	NRAP	0.093361	-	1	GTEX,SRA
ABLIM1_114450140	chr10	114450140	114450141	ABLIM1	0.362728	-	1	GTEX,SRA,TCGA
PNLIPRP3_116443244	chr10	116443244	116443245	PNLIPRP3	0.004378	+	1	GTEX,SRA,TCGA
PNLIP_116553564	chr10	116553564	116553565	PNLIP	0.268340	+	1	GTEX,SRA,TCGA
PNLIP_116555071	chr10	116555071	116555072	PNLIP	0.417505	+	1	GTEX,SRA,TCGA
EIF3A_119059981	chr10	119059981	119059982	EIF3A	0.071633	-	1	GTEX,SRA,TCGA
PLPP4_120520745	chr10	120520745	120520746	PLPP4	0.157924	+	1	GTEX,SRA,TCGA
PLPP4_120520749	chr10	120520749	120520750	PLPP4	0.091568	+	1	GTEX,SRA,TCGA
BTBD16_122336880	chr10	122336880	122336881	BTBD16	0.084632	+	1	GTEX,SRA,TCGA
PLEKHA1_122428502	chr10	122428502	122428503	PLEKHA1	0.002428	+	1	GTEX,SRA,TCGA
CPXM2_123768722	chr10	123768722	123768723	CPXM2	0.082204	-	1	GTEX,SRA,TCGA
ZRANB1_124970776	chr10	124970776	124970777	ZRANB1	0.042486	+	1	GTEX,SRA,TCGA
FANK1_125996138	chr10	125996138	125996139	FANK1	0.053777	+	1	GTEX,SRA,TCGA
ADAM8_133268996	chr10	133268996	133268997	ADAM8	0.032552	-	1	GTEX,SRA,TCGA
CALY_133327348	chr10	133327348	133327349	CALY	0.182858	-	1	GTEX,SRA,TCGA
LRRC56_551901	chr11	551901	551902	LRRC56	0.051313	+	1	GTEX,SRA,TCGA
DRD4_639646	chr11	639646	639647	DRD4	0.106641	+	1	GTEX,SRA,TCGA
EPS8L2_721461	chr11	721461	721462	EPS8L2	0.020579	+	1	GTEX,SRA,TCGA
MUC5AC_1200436	chr11	1200436	1200437	MUC5AC	0.086429	+	1	GTEX,SRA,TCGA
TSPAN32_2311036	chr11	2311036	2311037	TSPAN32	0.321739	+	1	GTEX,SRA,TCGA
RRP8_6603183	chr11	6603183	6603184	RRP8	0.086387	-	1	GTEX,SRA,TCGA
DCHS1_6624868	chr11	6624868	6624869	DCHS1	0.050930	-	1	GTEX,SRA,TCGA
ST5_8699598	chr11	8699598	8699599	ST5	0.036194	-	1	GTEX,SRA,TCGA
DKK3_11966593	chr11	11966593	11966594	DKK3	0.072955	-	1	GTEX,SRA,TCGA
ABCC8_17397819	chr11	17397819	17397820	ABCC8	0.028050	-	1	GTEX
UEVLD_18566539	chr11	18566539	18566540	UEVLD	0.034126	-	1	GTEX,SRA,TCGA
PRMT3_20392756	chr11	20392756	20392757	PRMT3	0.003008	+	1	GTEX,SRA,TCGA
SLC17A6_22342276	chr11	22342276	22342277	SLC17A6	0.044964	+	1	GTEX,SRA
DNAJC24_31429879	chr11	31429879	31429880	DNAJC24	0.244311	+	1	GTEX,SRA,TCGA
CD44_35177653	chr11	35177653	35177654	CD44	0.340883	+	1	GTEX,SRA,TCGA
ALKBH3_43882883	chr11	43882883	43882884	ALKBH3	0.015659	+	1	GTEX,SRA,TCGA
LARGE2_45926037	chr11	45926037	45926038	LARGE2	0.168068	+	1	GTEX,SRA,TCGA
F2_46723178	chr11	46723178	46723179	F2	0.076091	+	2	GTEX,SRA,TCGA
NUP160_47837623	chr11	47837623	47837624	NUP160	0.209586	-	1	GTEX,SRA,TCGA
PTPRJ_48159006	chr11	48159006	48159007	PTPRJ	0.175629	+	1	GTEX,SRA,TCGA
LPXN_58527819	chr11	58527819	58527820	LPXN	0.037922	-	1	GTEX,SRA,TCGA
PATL1_59657079	chr11	59657079	59657080	PATL1	0.071684	-	1	GTEX,SRA,TCGA
STX3_59794610	chr11	59794610	59794611	STX3	0.471306	+	1	GTEX,SRA,TCGA
MS4A8_60715308	chr11	60715308	60715309	MS4A8	0.250365	+	1	GTEX,SRA,TCGA
MS4A15_60773390	chr11	60773390	60773391	MS4A15	0.297519	+	1	GTEX,SRA,TCGA
DAGLA_61739297	chr11	61739297	61739298	DAGLA	0.060565	+	1	GTEX,SRA,TCGA
LGALS12_63512012	chr11	63512012	63512013	LGALS12	0.016053	+	1	GTEX,SRA,TCGA
CCDC88B_64341597	chr11	64341597	64341598	CCDC88B	0.092987	+	1	GTEX,SRA,TCGA
ARL2_65020323	chr11	65020323	65020324	ARL2	0.022798	+	1	GTEX,SRA,TCGA
SIPA1_65647225	chr11	65647225	65647226	SIPA1	0.444192	+	1	GTEX,SRA,TCGA
C11orf68_65918709	chr11	65918709	65918710	C11orf68	0.238915	-	1	GTEX,SRA,TCGA
ANO1_70163281	chr11	70163281	70163282	ANO1	0.267390	+	1	GTEX,SRA,TCGA
PAAF1_73919404	chr11	73919404	73919405	PAAF1	0.014615	+	1	GTEX,SRA,TCGA
P4HA3_74267595	chr11	74267595	74267596	P4HA3	0.163331	-	1	GTEX,SRA,TCGA
SPCS2_74968027	chr11	74968027	74968028	SPCS2	0.115982	+	1	GTEX,SRA,TCGA
WNT11_76195254	chr11	76195254	76195255	WNT11	0.021694	-	1	GTEX,SRA,TCGA
MYO7A_77191781	chr11	77191781	77191782	MYO7A	0.215262	+	2	GTEX,SRA,TCGA
USP35_78198696	chr11	78198696	78198697	USP35	0.098508	+	1	GTEX,SRA,TCGA
USP35_78198717	chr11	78198717	78198718	USP35	0.101181	+	1	GTEX,SRA,TCGA
EED_86257019	chr11	86257019	86257020	EED	0.014221	+	1	GTEX,SRA,TCGA
CEP295_93702774	chr11	93702774	93702775	CEP295	0.046265	+	1	GTEX,SRA,TCGA
ANKRD49_94494657	chr11	94494657	94494658	ANKRD49	0.014982	+	1	GTEX,SRA,TCGA
COLCA2_111301998	chr11	111301998	111301999	COLCA2	0.314200	+	2	GTEX,SRA,TCGA
LAYN_111544433	chr11	111544433	111544434	LAYN	0.408055	+	1	GTEX,SRA,TCGA
LAYN_111555205	chr11	111555205	111555206	LAYN	0.179186	+	1	GTEX,SRA,TCGA
NXPE1_114530063	chr11	114530063	114530064	NXPE1	0.467902	-	1	GTEX,SRA,TCGA
IFT46_118545853	chr11	118545853	118545854	IFT46	0.174822	-	1	GTEX,SRA,TCGA
VPS11_119068375	chr11	119068375	119068376	VPS11	0.046263	+	1	GTEX,SRA,TCGA
NECTIN1_119678143	chr11	119678143	119678144	NECTIN1	0.312062	-	1	GTEX,SRA,TCGA
POU2F3_120243225	chr11	120243225	120243226	POU2F3	0.485851	+	1	GTEX,SRA,TCGA
POU2F3_120315359	chr11	120315359	120315360	POU2F3	0.163204	+	1	GTEX,SRA,TCGA
VSIG2_124751941	chr11	124751941	124751942	VSIG2	0.105540	-	1	GTEX,SRA,TCGA
ROBO4_124895685	chr11	124895685	124895686	ROBO4	0.124473	-	1	GTEX,SRA,TCGA
ETS1_128462975	chr11	128462975	128462976	ETS1	0.042387	-	1	GTEX,SRA,TCGA
ARHGAP32_129124287	chr11	129124287	129124288	ARHGAP32	0.080892	-	1	GTEX,SRA,TCGA
IGSF9B_133937493	chr11	133937493	133937494	IGSF9B	0.154013	-	1	GTEX,SRA,TCGA
JAM3_134140002	chr11	134140002	134140003	JAM3	0.105803	+	1	GTEX,SRA,TCGA
ACSM4_7324497	chr12	7324497	7324498	ACSM4	0.147974	+	1	GTEX,SRA,TCGA
FOXJ2_8043598	chr12	8043598	8043599	FOXJ2	0.068777	+	1	GTEX,SRA,TCGA
MFAP5_8661181	chr12	8661181	8661182	MFAP5	0.101480	-	1	GTEX,SRA,TCGA
A2M_9112308	chr12	9112308	9112309	A2M	0.001562	-	1	GTEX,SRA,TCGA
A2M_9112634	chr12	9112634	9112635	A2M	0.024189	-	1	GTEX,SRA,TCGA
KLRD1_10313051	chr12	10313051	10313052	KLRD1	0.004756	+	1	GTEX,SRA,TCGA
DDX47_12827244	chr12	12827244	12827245	DDX47	0.198909	+	1	GTEX,SRA,TCGA
PLBD1_14536402	chr12	14536402	14536403	PLBD1	0.389493	-	1	GTEX,SRA,TCGA
DERA_15960813	chr12	15960813	15960814	DERA	0.125020	+	1	GTEX,SRA,TCGA
SLCO1C1_20701710	chr12	20701710	20701711	SLCO1C1	0.097114	+	1	GTEX,SRA,TCGA
SPX_21527330	chr12	21527330	21527331	SPX	0.504747	+	1	GTEX,SRA,TCGA
C2CD5_22484216	chr12	22484216	22484217	C2CD5	0.074322	-	1	GTEX,SRA,TCGA
LRMP_25104465	chr12	25104465	25104466	LRMP	0.049283	+	1	GTEX,SRA,TCGA
LMNTD1_25525814	chr12	25525814	25525815	LMNTD1	0.082546	-	1	GTEX,SRA,TCGA
STK38L_27312741	chr12	27312741	27312742	STK38L	0.012332	+	1	GTEX,SRA,TCGA
ABCD2_39577411	chr12	39577411	39577412	ABCD2	0.042306	-	1	GTEX,SRA,TCGA
MUC19_40509271	chr12	40509271	40509272	MUC19	0.153509	+	1	GTEX,SRA,TCGA
MUC19_40517234	chr12	40517234	40517235	MUC19	0.049203	+	1	GTEX,SRA,TCGA
MUC19_40548228	chr12	40548228	40548229	MUC19	0.087473	+	1	GTEX,SRA,TCGA
PPHLN1_42388580	chr12	42388580	42388581	PPHLN1	0.055735	+	1	GTEX,SRA,TCGA
SLC38A1_46201659	chr12	46201659	46201660	SLC38A1	0.040127	-	1	GTEX,SRA,TCGA
C12orf54_48489863	chr12	48489863	48489864	C12orf54	0.131361	+	1	GTEX,SRA,TCGA
NCKAP5L_49797394	chr12	49797394	49797395	NCKAP5L	0.162325	-	1	GTEX,SRA,TCGA
GALNT6_51391077	chr12	51391077	51391078	GALNT6	0.052863	-	1	GTEX,SRA,TCGA
SLC4A8_51485785	chr12	51485785	51485786	SLC4A8	0.439157	+	1	GTEX,SRA,TCGA
GRASP_52008759	chr12	52008759	52008760	GRASP	0.305060	+	1	GTEX,SRA,TCGA
KRT75_52426115	chr12	52426115	52426116	KRT75	0.115958	-	1	GTEX,SRA,TCGA
TNS2_53047372	chr12	53047372	53047373	TNS2	0.479269	+	1	GTEX,SRA,TCGA
AAAS_53308528	chr12	53308528	53308529	AAAS	0.125150	-	1	GTEX,SRA,TCGA
AMHR2_53427281	chr12	53427281	53427282	AMHR2	0.238672	+	1	GTEX,SRA,TCGA
GTSF1_54459308	chr12	54459308	54459309	GTSF1	0.043907	-	1	GTEX,SRA,TCGA
PA2G4_56106988	chr12	56106988	56106989	PA2G4	0.188469	+	1	GTEX,SRA,TCGA
KIF5A_57568957	chr12	57568957	57568958	KIF5A	0.066865	+	1	GTEX,SRA,TCGA
ATP23_57946830	chr12	57946830	57946831	ATP23	0.222650	+	1	GTEX,SRA,TCGA
DPY19L2_63622283	chr12	63622283	63622284	DPY19L2	0.043199	-	1	GTEX,SRA,TCGA
CAND1_67294283	chr12	67294283	67294284	CAND1	0.157955	+	1	GTEX,SRA,TCGA
LYZ_69348881	chr12	69348881	69348882	LYZ	0.143481	+	1	GTEX,SRA,TCGA
BEST3_69676152	chr12	69676152	69676153	BEST3	0.114476	-	1	GTEX,SRA,TCGA
TMEM19_71689589	chr12	71689589	71689590	TMEM19	0.134040	+	1	GTEX,SRA,TCGA
TMEM19_71698898	chr12	71698898	71698899	TMEM19	0.265478	+	1	GTEX,SRA,TCGA
CAPS2_75321793	chr12	75321793	75321794	CAPS2	0.119090	-	1	GTEX,SRA,TCGA
CEP83_94312571	chr12	94312571	94312572	CEP83	0.068777	-	1	GTEX,SRA,TCGA
CEP83_94402550	chr12	94402550	94402551	CEP83	0.213117	-	1	GTEX,SRA,TCGA
TMCC3_94578529	chr12	94578529	94578530	TMCC3	0.190598	-	1	GTEX,SRA,TCGA
SCYL2_100331766	chr12	100331766	100331767	SCYL2	0.018995	+	1	GTEX,SRA,TCGA
ALDH1L2_105070169	chr12	105070169	105070170	ALDH1L2	0.005860	-	1	GTEX,SRA,TCGA
NUAK1_106084063	chr12	106084063	106084064	NUAK1	0.057708	-	1	GTEX,SRA,TCGA
RFX4_106686751	chr12	106686751	106686752	RFX4	0.172620	+	1	GTEX,SRA,TCGA
ACAD10_111747047	chr12	111747047	111747048	ACAD10	0.341143	+	1	GTEX,SRA,TCGA
MAPKAPK5_111867570	chr12	111867570	111867571	MAPKAPK5	0.263102	+	2	GTEX,SRA,TCGA
HECTD4_112250377	chr12	112250377	112250378	HECTD4	0.037657	-	1	GTEX,SRA,TCGA
TBX5_114400962	chr12	114400962	114400963	TBX5	0.076209	-	1	GTEX,SRA,TCGA
FBXO21_117173812	chr12	117173812	117173813	FBXO21	0.426374	-	1	GTEX,SRA,TCGA
RFC5_118029034	chr12	118029034	118029035	RFC5	0.050303	+	1	GTEX,SRA,TCGA
KDM2B_121578394	chr12	121578394	121578395	KDM2B	0.058679	-	1	GTEX,SRA,TCGA
SETD1B_121804388	chr12	121804388	121804389	SETD1B	0.305339	+	1	GTEX,SRA,TCGA
ZCCHC8_122478663	chr12	122478663	122478664	ZCCHC8	0.085924	-	1	GTEX,SRA,TCGA
CCDC62_122794320	chr12	122794320	122794321	CCDC62	0.153079	+	1	GTEX,SRA,TCGA
KMT5A_123389185	chr12	123389185	123389186	KMT5A	0.111262	+	2	GTEX,SRA,TCGA
NCOR2_124340204	chr12	124340204	124340205	NCOR2	0.072133	-	1	GTEX,SRA,TCGA
PIWIL1_130349237	chr12	130349237	130349238	PIWIL1	0.126737	+	1	GTEX,SRA,TCGA
ADGRD1_131105032	chr12	131105032	131105033	ADGRD1	0.088470	+	1	GTEX,SRA,TCGA
POLE_132643977	chr12	132643977	132643978	POLE	0.413380	-	1	GTEX,SRA,TCGA
ZMYM2_20033829	chr13	20033829	20033830	ZMYM2	0.018203	+	1	GTEX,SRA,TCGA
PARP4_24479887	chr13	24479887	24479888	PARP4	0.353083	-	1	GTEX,SRA,TCGA
RNF17_24826110	chr13	24826110	24826111	RNF17	0.244563	+	1	GTEX,SRA,TCGA
USPL1_30642048	chr13	30642048	30642049	USPL1	0.032886	+	1	GTEX,SRA,TCGA
USPL1_30645076	chr13	30645076	30645077	USPL1	0.023543	+	1	GTEX,SRA,TCGA
MEDAG_30918989	chr13	30918989	30918990	MEDAG	0.070185	+	1	GTEX,SRA,TCGA
B3GLCT_31223825	chr13	31223825	31223826	B3GLCT	0.007639	+	1	GTEX,SRA,TCGA
PDS5B_32674744	chr13	32674744	32674745	PDS5B	0.064768	+	1	GTEX,SRA,TCGA
CDADC1_49261304	chr13	49261304	49261305	CDADC1	0.511690	+	1	GTEX,SRA,TCGA
SETDB2_49482195	chr13	49482195	49482196	SETDB2	0.194832	+	1	GTEX,SRA,TCGA
RCBTB1_49545514	chr13	49545514	49545515	RCBTB1	0.474003	-	1	GTEX,SRA,TCGA
RCBTB1_49550410	chr13	49550410	49550411	RCBTB1	0.288931	-	1	GTEX,SRA,TCGA
RCBTB1_49558285	chr13	49558285	49558286	RCBTB1	0.144213	-	1	GTEX,SRA,TCGA
WDFY2_51754396	chr13	51754396	51754397	WDFY2	0.058682	+	1	GTEX,SRA,TCGA
NEK5_52069264	chr13	52069264	52069265	NEK5	0.376663	-	1	GTEX,SRA,TCGA
VPS36_52435480	chr13	52435480	52435481	VPS36	0.107501	-	1	GTEX,SRA,TCGA
OLFM4_53041908	chr13	53041908	53041909	OLFM4	0.123946	+	1	GTEX,SRA,TCGA
PCDH9_67229547	chr13	67229547	67229548	PCDH9	0.060797	-	1	GTEX,SRA,TCGA
PCDH9_67229551	chr13	67229551	67229552	PCDH9	0.068008	-	1	GTEX,SRA,TCGA
MYCBP2_77290724	chr13	77290724	77290725	MYCBP2	0.045091	-	1	GTEX,SRA,TCGA
ABCC4_95038629	chr13	95038629	95038630	ABCC4	0.069435	-	1	GTEX,SRA,TCGA
IPO5_97991695	chr13	97991695	97991696	IPO5	0.024638	+	1	GTEX,SRA,TCGA
DOCK9_98867063	chr13	98867063	98867064	DOCK9	0.192836	-	1	GTEX,SRA,TCGA
PCCA_100157283	chr13	100157283	100157284	PCCA	0.012416	+	1	GTEX,SRA,TCGA
NAXD_110635134	chr13	110635134	110635135	NAXD	0.184207	+	1	GTEX,SRA,TCGA
MCF2L_113061618	chr13	113061618	113061619	MCF2L	0.012653	+	1	GTEX,SRA,TCGA
CUL4A_113209778	chr13	113209778	113209779	CUL4A	0.268673	+	2	GTEX,SRA,TCGA
CUL4A_113261647	chr13	113261647	113261648	CUL4A	0.210585	+	1	GTEX,SRA,TCGA
OXA1L_22769789	chr14	22769789	22769790	OXA1L	0.112845	+	1	GTEX,SRA,TCGA
PSME1_24136896	chr14	24136896	24136897	PSME1	0.010148	+	1	GTEX,SRA,TCGA
G2E3_30598399	chr14	30598399	30598400	G2E3	0.048678	+	1	GTEX,SRA,TCGA
PPP2R3C_35112044	chr14	35112044	35112045	PPP2R3C	0.416638	-	1	GTEX,SRA,TCGA
PPP2R3C_35121116	chr14	35121116	35121117	PPP2R3C	0.076043	-	1	GTEX,SRA,TCGA
SEC23A_39037465	chr14	39037465	39037466	SEC23A	0.004745	-	1	GTEX,SRA,TCGA
SEC23A_39037469	chr14	39037469	39037470	SEC23A	0.008412	-	1	GTEX,SRA,TCGA
LRFN5_41888536	chr14	41888536	41888537	LRFN5	0.112563	+	1	GTEX,SRA,TCGA
FKBP3_45132258	chr14	45132258	45132259	FKBP3	0.281047	-	1	GTEX,SRA,TCGA
MIS18BP1_45237171	chr14	45237171	45237172	MIS18BP1	0.379760	-	1	GTEX,SRA,TCGA
GNPNAT1_52778757	chr14	52778757	52778758	GNPNAT1	0.060494	-	1	GTEX,SRA,TCGA
TMEM260_56635275	chr14	56635275	56635276	TMEM260	0.113936	+	1	GTEX,SRA,TCGA
DAAM1_59360151	chr14	59360151	59360152	DAAM1	0.093475	+	1	GTEX,SRA,TCGA
C14orf39_60483906	chr14	60483906	60483907	C14orf39	0.264990	-	1	GTEX,SRA,TCGA
PRKCH_61549384	chr14	61549384	61549385	PRKCH	0.131901	+	1	GTEX,SRA,TCGA
TMEM229B_67468440	chr14	67468440	67468441	TMEM229B	0.020842	-	1	GTEX,SRA,TCGA
PLEKHH1_67569697	chr14	67569697	67569698	PLEKHH1	0.406632	+	1	GTEX,SRA,TCGA
RDH12_67723003	chr14	67723003	67723004	RDH12	0.015434	+	1	GTEX,SRA,TCGA
ZFYVE26_67795342	chr14	67795342	67795343	ZFYVE26	0.170233	-	1	GTEX,SRA,TCGA
HEATR4_73508078	chr14	73508078	73508079	HEATR4	0.022935	-	1	GTEX,SRA,TCGA
ACOT4_73594037	chr14	73594037	73594038	ACOT4	0.032343	+	1	GTEX,SRA,TCGA
LIN52_74091137	chr14	74091137	74091138	LIN52	0.344638	+	2	GTEX,SRA,TCGA
AHSA1_77458365	chr14	77458365	77458366	AHSA1	0.024885	+	1	GTEX,SRA,TCGA
SPTLC2_77565731	chr14	77565731	77565732	SPTLC2	0.397402	-	1	GTEX,SRA,TCGA
CEP128_80907316	chr14	80907316	80907317	CEP128	0.021511	-	1	GTEX,SRA,TCGA
TTC7B_90676901	chr14	90676901	90676902	TTC7B	0.096697	-	1	GTEX,SRA,TCGA
PPP4R3A_91466256	chr14	91466256	91466257	PPP4R3A	0.487649	-	1	GTEX,SRA,TCGA
SLC24A4_92447369	chr14	92447369	92447370	SLC24A4	0.034114	+	1	GTEX,SRA,TCGA
LINC00521_93997997	chr14	93997997	93997998	LINC00521	0.008430	+	1	GTEX,SRA,TCGA
CLMN_95210879	chr14	95210879	95210880	CLMN	0.314326	-	1	GTEX,SRA,TCGA
SETD3_99407348	chr14	99407348	99407349	SETD3	0.113411	-	1	GTEX,SRA,TCGA
SLC25A47_100329100	chr14	100329100	100329101	SLC25A47	0.190675	+	1	GTEX,SRA,TCGA
TECPR2_102430857	chr14	102430857	102430858	TECPR2	0.094408	+	1	GTEX,SRA,TCGA
CDC42BPB_102946684	chr14	102946684	102946685	CDC42BPB	0.048840	-	1	GTEX,SRA,TCGA
MTA1_105468695	chr14	105468695	105468696	MTA1	0.029099	+	1	GTEX,SRA,TCGA
TUBGCP5_23008881	chr15	23008881	23008882	TUBGCP5	0.055970	-	1	GTEX,SRA,TCGA
UBE3A_25359983	chr15	25359983	25359984	UBE3A	0.004967	-	1	GTEX,SRA,TCGA
GABRA5_26946032	chr15	26946032	26946033	GABRA5	0.020542	+	1	GTEX,SRA,TCGA
HERC2_28214346	chr15	28214346	28214347	HERC2	0.362797	-	1	GTEX,SRA,TCGA
RYR3_33821521	chr15	33821521	33821522	RYR3	0.207015	+	1	GTEX,SRA,TCGA
C15orf41_36694750	chr15	36694750	36694751	C15orf41	0.036125	+	1	GTEX,SRA,TCGA
MEIS2_37097266	chr15	37097266	37097267	MEIS2	0.145156	-	1	GTEX,SRA,TCGA
SRP14_40037047	chr15	40037047	40037048	SRP14	0.229974	-	1	GTEX,SRA,TCGA
ITPKA_41501365	chr15	41501365	41501366	ITPKA	0.030343	+	1	GTEX,SRA,TCGA
LTK_41511346	chr15	41511346	41511347	LTK	0.011181	-	1	GTEX,SRA,TCGA
RPAP1_41534935	chr15	41534935	41534936	RPAP1	0.063219	-	1	GTEX,SRA,TCGA
MAPKBP1_41820080	chr15	41820080	41820081	MAPKBP1	0.155693	+	1	GTEX,SRA,TCGA
TUBGCP4_43376096	chr15	43376096	43376097	TUBGCP4	0.182343	+	1	GTEX,SRA,TCGA
PPIP5K1_43577535	chr15	43577535	43577536	PPIP5K1	0.107526	-	1	GTEX,SRA,TCGA
CTDSPL2_44493181	chr15	44493181	44493182	CTDSPL2	0.116220	+	1	GTEX,SRA,TCGA
SPG11_44569505	chr15	44569505	44569506	SPG11	0.245936	-	1	GTEX,SRA,TCGA
SLC12A1_48220919	chr15	48220919	48220920	SLC12A1	0.340308	+	1	GTEX,SRA,TCGA
SECISBP2L_49028020	chr15	49028020	49028021	SECISBP2L	0.154567	-	1	GTEX,SRA,TCGA
COPS2_49139016	chr15	49139016	49139017	COPS2	0.021944	-	1	GTEX,SRA,TCGA
TRPM7_50588190	chr15	50588190	50588191	TRPM7	0.059099	-	1	GTEX,SRA,TCGA
AP4E1_50909418	chr15	50909418	50909419	AP4E1	0.079871	+	1	GTEX,SRA,TCGA
AP4E1_50999070	chr15	50999070	50999071	AP4E1	0.156523	+	1	GTEX,SRA,TCGA
SLTM_58933049	chr15	58933049	58933050	SLTM	0.066919	-	1	GTEX,SRA,TCGA
LACTB_63128001	chr15	63128001	63128002	LACTB	0.094399	+	1	GTEX,SRA,TCGA
CA12_63339578	chr15	63339578	63339579	CA12	0.050542	-	1	GTEX,SRA,TCGA
RASL12_65059038	chr15	65059038	65059039	RASL12	0.042861	-	1	GTEX,SRA,TCGA
CILP_65208676	chr15	65208676	65208677	CILP	0.222094	-	1	GTEX,SRA,TCGA
INTS14_65597447	chr15	65597447	65597448	INTS14	0.030886	-	1	GTEX,SRA,TCGA
DENND4A_65701890	chr15	65701890	65701891	DENND4A	0.079487	-	1	GTEX,SRA,TCGA
ZWILCH_66540770	chr15	66540770	66540771	ZWILCH	0.139832	+	1	GTEX,SRA,TCGA
SMAD6_66708737	chr15	66708737	66708738	SMAD6	0.050305	+	1	GTEX,SRA,TCGA
SH2D7_78094407	chr15	78094407	78094408	SH2D7	0.834810	+	1	GTEX,SRA,TCGA
WDR61_78290423	chr15	78290423	78290424	WDR61	0.326829	-	1	GTEX,SRA,TCGA
FSD2_82762278	chr15	82762278	82762279	FSD2	0.023448	-	1	GTEX,SRA,TCGA
WHAMM_82817701	chr15	82817701	82817702	WHAMM	0.109198	+	1	GTEX,SRA,TCGA
WHAMM_82818828	chr15	82818828	82818829	WHAMM	0.182383	+	1	GTEX,SRA,TCGA
WHAMM_82821838	chr15	82821838	82821839	WHAMM	0.172371	+	1	GTEX,SRA,TCGA
PDE8A_85092715	chr15	85092715	85092716	PDE8A	0.257783	+	1	GTEX,SRA,TCGA
AKAP13_85743378	chr15	85743378	85743379	AKAP13	0.291188	+	1	GTEX,SRA,TCGA
AKAP13_85743382	chr15	85743382	85743383	AKAP13	0.165484	+	1	GTEX,SRA,TCGA
NTRK3_88131890	chr15	88131890	88131891	NTRK3	0.204428	-	1	GTEX,SRA,TCGA
MRPL46_88466103	chr15	88466103	88466104	MRPL46	0.133358	-	1	GTEX,SRA,TCGA
RHCG_89486741	chr15	89486741	89486742	RHCG	0.034743	-	1	GTEX,SRA
WDR93_89731931	chr15	89731931	89731932	WDR93	0.073786	+	1	GTEX,SRA,TCGA
MESP1_89750442	chr15	89750442	89750443	MESP1	0.191857	-	1	GTEX,SRA,TCGA
VPS33B_91008903	chr15	91008903	91008904	VPS33B	0.063730	-	1	GTEX,SRA,TCGA
LRRC28_99360285	chr15	99360285	99360286	LRRC28	0.124569	+	1	GTEX,SRA,TCGA
ALDH1A3_100903467	chr15	100903467	100903468	ALDH1A3	0.047758	+	1	GTEX,SRA,TCGA
WDR90_661889	chr16	661889	661890	WDR90	0.086677	+	1	GTEX,SRA,TCGA
CHTF18_792716	chr16	792716	792717	CHTF18	0.058057	+	1	GTEX,SRA,TCGA
CLCN7_1452893	chr16	1452893	1452894	CLCN7	0.106080	-	1	GTEX,SRA,TCGA
TELO2_1502643	chr16	1502643	1502644	TELO2	0.097649	+	1	GTEX,SRA,TCGA
ABCA3_2297539	chr16	2297539	2297540	ABCA3	0.101740	-	1	GTEX,SRA,TCGA
CORO7_4407684	chr16	4407684	4407685	CORO7	0.367837	-	1	GTEX,SRA,TCGA
SEC14L5_5003157	chr16	5003157	5003158	SEC14L5	0.012009	+	1	GTEX,SRA,TCGA
USP7_8904293	chr16	8904293	8904294	USP7	0.100898	-	1	GTEX,SRA,TCGA
MKL2_14215022	chr16	14215022	14215023	MKL2	0.500936	+	1	GTEX,SRA,TCGA
MKL2_14243567	chr16	14243567	14243568	MKL2	0.012675	+	1	GTEX,SRA,TCGA
NTAN1_15047550	chr16	15047550	15047551	NTAN1	0.102811	-	1	GTEX,SRA,TCGA
RRN3_15065372	chr16	15065372	15065373	RRN3	0.104880	-	1	GTEX,SRA,TCGA
RRN3_15084285	chr16	15084285	15084286	RRN3	0.069020	-	1	GTEX,SRA,TCGA
KIAA0430_15619551	chr16	15619551	15619552	KIAA0430	0.049507	-	1	GTEX,SRA,TCGA
ACSM3_20788771	chr16	20788771	20788772	ACSM3	0.037308	+	1	GTEX,SRA,TCGA
ERI2_20790769	chr16	20790769	20790770	ERI2	0.037163	-	1	GTEX,SRA,TCGA
DNAH3_21129203	chr16	21129203	21129204	DNAH3	0.228166	-	1	GTEX,SRA,TCGA
ZP2_21214027	chr16	21214027	21214028	ZP2	0.138658	-	1	GTEX,SRA
CRYM_21277370	chr16	21277370	21277371	CRYM	0.257941	-	1	GTEX,SRA,TCGA
POLR3E_22313618	chr16	22313618	22313619	POLR3E	0.235984	+	1	GTEX,SRA,TCGA
GGA2_23487984	chr16	23487984	23487985	GGA2	0.004718	-	1	GTEX,SRA,TCGA
PPP4C_30082744	chr16	30082744	30082745	PPP4C	0.258666	+	1	GTEX,SRA,TCGA
FBRS_30661017	chr16	30661017	30661018	FBRS	0.272807	+	1	GTEX,SRA,TCGA
FUS_31190038	chr16	31190038	31190039	FUS	0.170549	+	1	GTEX,SRA,TCGA
ITGAD_31425567	chr16	31425567	31425568	ITGAD	0.029118	+	1	GTEX,SRA,TCGA
C16orf87_46804335	chr16	46804335	46804336	C16orf87	0.179250	-	1	GTEX,SRA,TCGA
N4BP1_48547829	chr16	48547829	48547830	N4BP1	0.134227	-	1	GTEX,SRA,TCGA
RBL2_53450284	chr16	53450284	53450285	RBL2	0.185599	+	1	GTEX,SRA,TCGA
IRX3_54283817	chr16	54283817	54283818	IRX3	0.024538	-	1	GTEX,SRA,TCGA
OGFOD1_56452548	chr16	56452548	56452549	OGFOD1	0.239856	+	1	GTEX,SRA,TCGA
RSPRY1_57205380	chr16	57205380	57205381	RSPRY1	0.352613	+	1	GTEX,SRA,TCGA
CX3CL1_57375862	chr16	57375862	57375863	CX3CL1	0.004909	+	1	GTEX,SRA,TCGA
CES4A_66993182	chr16	66993182	66993183	CES4A	0.061305	+	1	GTEX,SRA,TCGA
ZDHHC1_67403042	chr16	67403042	67403043	ZDHHC1	0.344255	-	1	GTEX,SRA,TCGA
SLC12A4_67950493	chr16	67950493	67950494	SLC12A4	0.063444	-	1	GTEX,SRA,TCGA
MTSS1L_70679109	chr16	70679109	70679110	MTSS1L	0.031769	-	1	GTEX,SRA,TCGA
IST1_71918257	chr16	71918257	71918258	IST1	0.071489	+	1	GTEX,SRA,TCGA
RFWD3_74631740	chr16	74631740	74631741	RFWD3	0.373885	-	1	GTEX,SRA,TCGA
CNTNAP4_76456921	chr16	76456921	76456922	CNTNAP4	0.125631	+	1	GTEX,SRA,TCGA
DYNLRB2_80544473	chr16	80544473	80544474	DYNLRB2	0.462987	+	1	GTEX,SRA,TCGA
GAN_81351750	chr16	81351750	81351751	GAN	0.029936	+	1	GTEX,SRA,TCGA
FBXO31_87347058	chr16	87347058	87347059	FBXO31	0.177697	-	1	GTEX,SRA,TCGA
MVD_88655730	chr16	88655730	88655731	MVD	0.291674	-	1	GTEX,SRA,TCGA
CPNE7_89596350	chr16	89596350	89596351	CPNE7	0.338288	+	1	GTEX,SRA,TCGA
SPIRE2_89860681	chr16	89860681	89860682	SPIRE2	0.226497	+	1	GTEX,SRA,TCGA
SPIRE2_89861285	chr16	89861285	89861286	SPIRE2	0.218176	+	2	GTEX,SRA,TCGA
PRPF8_1679410	chr17	1679410	1679411	PRPF8	0.077911	-	1	GTEX,SRA,TCGA
RPA1_1894443	chr17	1894443	1894444	RPA1	0.126522	+	1	GTEX,SRA,TCGA
DPH1_2037337	chr17	2037337	2037338	DPH1	0.037971	+	1	GTEX,SRA,TCGA
ASPA_3497745	chr17	3497745	3497746	ASPA	0.042826	+	1	GTEX,SRA,TCGA
CTNS_3654996	chr17	3654996	3654997	CTNS	0.030845	+	1	GTEX,SRA,TCGA
ITGAE_3722053	chr17	3722053	3722054	ITGAE	0.077201	-	1	GTEX,SRA,TCGA
NCBP3_3813279	chr17	3813279	3813280	NCBP3	0.139931	-	1	GTEX,SRA,TCGA
ANKFY1_4180904	chr17	4180904	4180905	ANKFY1	0.128433	-	1	GTEX,SRA,TCGA
ANKFY1_4180906	chr17	4180906	4180907	ANKFY1	0.089763	-	1	GTEX,SRA,TCGA
RNF167_4942531	chr17	4942531	4942532	RNF167	0.354454	+	1	GTEX,SRA,TCGA
PIK3R6_8837151	chr17	8837151	8837152	PIK3R6	0.126267	-	1	GTEX,SRA,TCGA
CFAP52_9635403	chr17	9635403	9635404	CFAP52	0.047513	+	1	GTEX,SRA,TCGA
MYH2_10523412	chr17	10523412	10523413	MYH2	0.116942	-	1	GTEX,SRA,TCGA
DNAH9_11611648	chr17	11611648	11611649	DNAH9	0.210870	+	1	GTEX,SRA,TCGA
DNAH9_11871592	chr17	11871592	11871593	DNAH9	0.088689	+	1	GTEX,SRA,TCGA
ZNF18_11991772	chr17	11991772	11991773	ZNF18	0.023208	-	1	GTEX,SRA
CDRT15_14236566	chr17	14236566	14236567	CDRT15	0.010001	-	1	GTEX,SRA,TCGA
TEKT3_15310312	chr17	15310312	15310313	TEKT3	0.080996	-	1	GTEX,SRA,TCGA
TRPV2_16423467	chr17	16423467	16423468	TRPV2	0.232977	+	1	GTEX,SRA,TCGA
MAPK7_19382811	chr17	19382811	19382812	MAPK7	0.011783	+	1	GTEX,SRA,TCGA
NATD1_21247944	chr17	21247944	21247945	NATD1	0.190228	-	1	GTEX,SRA,TCGA
PHF12_28923238	chr17	28923238	28923239	PHF12	0.162110	-	1	GTEX,SRA,TCGA
BLMH_30289193	chr17	30289193	30289194	BLMH	0.024444	-	1	GTEX,SRA
ATAD5_30836709	chr17	30836709	30836710	ATAD5	0.069338	+	1	GTEX,SRA,TCGA
COPRS_31854519	chr17	31854519	31854520	COPRS	0.082612	-	1	GTEX,SRA,TCGA
SUZ12_31946076	chr17	31946076	31946077	SUZ12	0.047857	+	1	GTEX,SRA,TCGA
CCT6B_34961018	chr17	34961018	34961019	CCT6B	0.008191	-	1	GTEX,SRA,TCGA
NLE1_35133498	chr17	35133498	35133499	NLE1	0.327171	-	1	GTEX,SRA,TCGA
ACACA_37274621	chr17	37274621	37274622	ACACA	0.078359	-	1	GTEX,SRA,TCGA
SRCIN1_38552132	chr17	38552132	38552133	SRCIN1	0.019298	-	1	GTEX,SRA,TCGA
ERBB2_39723859	chr17	39723859	39723860	ERBB2	0.183166	+	1	GTEX,SRA,TCGA
TOP2A_40390164	chr17	40390164	40390165	TOP2A	0.136097	-	1	GTEX,SRA,TCGA
TNS4_40483898	chr17	40483898	40483899	TNS4	0.013008	-	1	GTEX,SRA,TCGA
KRT23_40936953	chr17	40936953	40936954	KRT23	0.060352	-	1	GTEX,SRA,TCGA
KRT33A_41347638	chr17	41347638	41347639	KRT33A	0.126811	-	1	GTEX,SRA,TCGA
KRT32_41460942	chr17	41460942	41460943	KRT32	0.232596	-	1	GTEX,SRA,TCGA
DNAJC7_41995088	chr17	41995088	41995089	DNAJC7	0.047204	-	1	GTEX,SRA,TCGA
STAT5B_42228713	chr17	42228713	42228714	STAT5B	0.178585	-	1	GTEX,SRA,TCGA
TUBG2_42661955	chr17	42661955	42661956	TUBG2	0.120401	+	3	GTEX,SRA,TCGA
LSM12_44038855	chr17	44038855	44038856	LSM12	0.065778	-	1	GTEX,SRA,TCGA
DBF4B_44729903	chr17	44729903	44729904	DBF4B	0.052959	+	1	GTEX,SRA,TCGA
SP2_47923396	chr17	47923396	47923397	SP2	0.100674	+	1	GTEX,SRA,TCGA
CBX1_48074828	chr17	48074828	48074829	CBX1	0.203546	-	1	GTEX,SRA,TCGA
SCPEP1_57001656	chr17	57001656	57001657	SCPEP1	0.052889	+	1	GTEX,SRA,TCGA
CLTC_59682627	chr17	59682627	59682628	CLTC	0.172227	+	1	GTEX,SRA,TCGA
RPS6KB1_59937773	chr17	59937773	59937774	RPS6KB1	0.020027	+	1	GTEX,SRA,TCGA
RPS6KB1_59939077	chr17	59939077	59939078	RPS6KB1	0.007866	+	1	GTEX,SRA,TCGA
USP32_60218140	chr17	60218140	60218141	USP32	0.286090	-	1	GTEX,SRA,TCGA
ACE_63483786	chr17	63483786	63483787	ACE	0.329701	+	1	GTEX,SRA,TCGA
SCN4A_63943935	chr17	63943935	63943936	SCN4A	0.064483	-	1	GTEX,SRA,TCGA
TEX2_64159697	chr17	64159697	64159698	TEX2	0.167136	-	1	GTEX,SRA,TCGA
TEX2_64189322	chr17	64189322	64189323	TEX2	0.048270	-	1	GTEX,SRA,TCGA
LRRC37A3_64854750	chr17	64854750	64854751	LRRC37A3	0.023086	-	1	GTEX,SRA,TCGA
CACNG5_66878970	chr17	66878970	66878971	CACNG5	0.324501	+	1	GTEX,SRA,TCGA
WIPI1_68434419	chr17	68434419	68434420	WIPI1	0.227669	-	1	GTEX,SRA,TCGA
ABCA8_68876703	chr17	68876703	68876704	ABCA8	0.288935	-	1	GTEX,SRA,TCGA
ABCA6_69081145	chr17	69081145	69081146	ABCA6	0.317735	-	1	GTEX,SRA,TCGA
SOX9_72122243	chr17	72122243	72122244	SOX9	0.008530	+	1	GTEX,SRA,TCGA
CPSF4L_73261711	chr17	73261711	73261712	CPSF4L	0.020828	-	1	GTEX,SRA,TCGA
SDK2_73415992	chr17	73415992	73415993	SDK2	0.107377	-	1	GTEX,SRA,TCGA
LLGL2_75568959	chr17	75568959	75568960	LLGL2	0.092631	+	1	GTEX,SRA,TCGA
RECQL5_75665172	chr17	75665172	75665173	RECQL5	0.157123	-	1	GTEX,SRA,TCGA
UNC13D_75842355	chr17	75842355	75842356	UNC13D	0.013318	-	2	GTEX,SRA,TCGA
ACOX1_75953620	chr17	75953620	75953621	ACOX1	0.098996	-	1	GTEX,SRA,TCGA
ST6GALNAC1_76625527	chr17	76625527	76625528	ST6GALNAC1	0.241299	-	1	GTEX,SRA,TCGA
DNAH17_78505445	chr17	78505445	78505446	DNAH17	0.122852	-	1	GTEX,SRA,TCGA
NOTUM_81953857	chr17	81953857	81953858	NOTUM	0.173057	-	1	GTEX,SRA,TCGA
DUS1L_82063518	chr17	82063518	82063519	DUS1L	0.017285	-	1	GTEX,SRA,TCGA
HEXDC_82439629	chr17	82439629	82439630	HEXDC	0.149581	+	1	GTEX,SRA,TCGA
FN3KRP_82723110	chr17	82723110	82723111	FN3KRP	0.166463	+	1	GTEX,SRA,TCGA
FN3K_82743125	chr17	82743125	82743126	FN3K	0.229412	+	1	GTEX,SRA,TCGA
METTL4_2540666	chr18	2540666	2540667	METTL4	0.132405	-	1	GTEX,SRA,TCGA
SMCHD1_2673193	chr18	2673193	2673194	SMCHD1	0.019983	+	2	GTEX,SRA,TCGA
TGIF1_3457363	chr18	3457363	3457364	TGIF1	0.055695	+	1	GTEX,SRA,TCGA
RAB12_8625993	chr18	8625993	8625994	RAB12	0.219345	+	1	GTEX,SRA,TCGA
ANKRD30B_14769716	chr18	14769716	14769717	ANKRD30B	0.120994	+	1	GTEX,SRA,TCGA
DSC3_31005087	chr18	31005087	31005088	DSC3	0.091163	-	1	GTEX,SRA,TCGA
DSC3_31020988	chr18	31020988	31020989	DSC3	0.107695	-	1	GTEX,SRA,TCGA
DSC3_31023072	chr18	31023072	31023073	DSC3	0.085223	-	1	GTEX,SRA,TCGA
DSG2_31542518	chr18	31542518	31542519	DSG2	0.042183	+	1	GTEX,SRA,TCGA
DYNAP_54592298	chr18	54592298	54592299	DYNAP	0.211021	+	1	GTEX,SRA,TCGA
KIAA1468_62254812	chr18	62254812	62254813	KIAA1468	0.109092	+	1	GTEX,SRA,TCGA
SERPINB5_63490374	chr18	63490374	63490375	SERPINB5	0.167007	+	1	GTEX,SRA,TCGA
CCDC102B_68838549	chr18	68838549	68838550	CCDC102B	0.249783	+	1	GTEX,SRA,TCGA
SHC2_431162	chr19	431162	431163	SHC2	0.073281	-	1	GTEX,SRA,TCGA
ODF3L2_472153	chr19	472153	472154	ODF3L2	0.652646	-	1	GTEX,SRA,TCGA
BSG_578352	chr19	578352	578353	BSG	0.080068	+	1	GTEX,SRA,TCGA
MISP_761231	chr19	761231	761232	MISP	0.189702	+	1	GTEX,SRA,TCGA
ELANE_851672	chr19	851672	851673	ELANE	0.367333	+	1	GTEX,SRA,TCGA
GNA11_3111070	chr19	3111070	3111071	GNA11	0.083887	+	1	GTEX,SRA,TCGA
FZR1_3527120	chr19	3527120	3527121	FZR1	0.186759	+	1	GTEX,SRA,TCGA
CREB3L3_4168561	chr19	4168561	4168562	CREB3L3	0.009232	+	1	GTEX,SRA,TCGA
CHAF1A_4440020	chr19	4440020	4440021	CHAF1A	0.044093	+	1	GTEX,SRA,TCGA
DUS3L_5785511	chr19	5785511	5785512	DUS3L	0.276889	-	1	GTEX,SRA,TCGA
ADGRE1_6937542	chr19	6937542	6937543	ADGRE1	0.356752	+	1	GTEX,SRA,TCGA
KANK3_8333808	chr19	8333808	8333809	KANK3	0.116949	-	1	GTEX,SRA,TCGA
KEAP1_10489853	chr19	10489853	10489854	KEAP1	0.156366	-	1	GTEX,SRA,TCGA
TSPAN16_11296595	chr19	11296595	11296596	TSPAN16	0.033549	+	1	GTEX,SRA,TCGA
MAST1_12866164	chr19	12866164	12866165	MAST1	0.469510	+	1	GTEX,SRA,TCGA
CALR_12939426	chr19	12939426	12939427	CALR	0.059644	+	1	GTEX,SRA,TCGA
TMEM38A_16681030	chr19	16681030	16681031	TMEM38A	0.157762	+	1	GTEX,SRA
TMEM38A_16681689	chr19	16681689	16681690	TMEM38A	0.104586	+	1	GTEX,SRA,TCGA
CPAMD8_17026243	chr19	17026243	17026244	CPAMD8	0.194729	-	1	GTEX,SRA,TCGA
USE1_17219388	chr19	17219388	17219389	USE1	0.047324	+	1	GTEX,SRA,TCGA
OCEL1_17227837	chr19	17227837	17227838	OCEL1	0.103763	+	1	GTEX,SRA,TCGA
COLGALT1_17576672	chr19	17576672	17576673	COLGALT1	0.011731	+	1	GTEX,SRA,TCGA
LRRC25_18396075	chr19	18396075	18396076	LRRC25	0.409637	-	1	GTEX,SRA,TCGA
ELL_18456344	chr19	18456344	18456345	ELL	0.025308	-	1	GTEX,SRA,TCGA
TMEM59L_18607774	chr19	18607774	18607775	TMEM59L	0.458064	+	1	GTEX,SRA,TCGA
POP4_29609724	chr19	29609724	29609725	POP4	0.187159	+	1	GTEX,SRA,TCGA
RHPN2_33009024	chr19	33009024	33009025	RHPN2	0.015978	-	1	GTEX,SRA,TCGA
DMKN_35510595	chr19	35510595	35510596	DMKN	0.164938	-	1	GTEX,SRA,TCGA
HAUS5_35615930	chr19	35615930	35615931	HAUS5	0.258733	+	1	GTEX,SRA,TCGA
ARHGAP33_35784705	chr19	35784705	35784706	ARHGAP33	0.153963	+	1	GTEX,SRA,TCGA
ZNF793_37507643	chr19	37507643	37507644	ZNF793	0.030660	+	1	GTEX,SRA,TCGA
ZNF781_37691942	chr19	37691942	37691943	ZNF781	0.034660	-	1	GTEX,SRA,TCGA
ITPKC_40727730	chr19	40727730	40727731	ITPKC	0.506987	+	1	GTEX,SRA,TCGA
CEACAM6_41763455	chr19	41763455	41763456	CEACAM6	0.420696	+	1	GTEX,SRA,TCGA
LYPD4_41843239	chr19	41843239	41843240	LYPD4	0.115012	-	1	GTEX,SRA,TCGA
TMEM145_42314790	chr19	42314790	42314791	TMEM145	0.028883	+	1	GTEX,SRA,TCGA
CADM4_43624903	chr19	43624903	43624904	CADM4	0.312722	-	1	GTEX,SRA,TCGA
IGFL2_46148301	chr19	46148301	46148302	IGFL2	0.115483	+	1	GTEX,SRA,TCGA
SULT2B1_48589194	chr19	48589194	48589195	SULT2B1	0.182499	+	1	GTEX,SRA,TCGA
CA11_48644979	chr19	48644979	48644980	CA11	0.087379	-	1	GTEX,SRA,TCGA
DHDH_48939858	chr19	48939858	48939859	DHDH	0.146686	+	1	GTEX,SRA,TCGA
FTL_48966219	chr19	48966219	48966220	FTL	0.031545	+	1	GTEX,SRA,TCGA
CGB1_49036521	chr19	49036521	49036522	CGB1	0.071767	-	1	GTEX,SRA,TCGA
SLC6A16_49309411	chr19	49309411	49309412	SLC6A16	0.099931	-	1	GTEX,SRA,TCGA
ALDH16A1_49456925	chr19	49456925	49456926	ALDH16A1	0.060860	+	1	GTEX,SRA,TCGA
TBC1D17_49879518	chr19	49879518	49879519	TBC1D17	0.020960	+	1	GTEX,SRA,TCGA
IZUMO2_50159036	chr19	50159036	50159037	IZUMO2	0.181828	-	1	GTEX,SRA
SIGLEC6_51525525	chr19	51525525	51525526	SIGLEC6	0.011478	-	1	GTEX,SRA,TCGA
ZNF175_51581603	chr19	51581603	51581604	ZNF175	0.038790	+	1	GTEX,SRA,TCGA
CTD-2525I3.2_52175989	chr19	52175989	52175990	CTD-2525I3.2	0.408904	+	1	GTEX,SRA,TCGA
NLRP9_55728736	chr19	55728736	55728737	NLRP9	0.062717	-	1	GTEX,SRA,TCGA
ZNF583_56421524	chr19	56421524	56421525	ZNF583	0.025442	+	1	GTEX,SRA,TCGA
ZNF470_56573983	chr19	56573983	56573984	ZNF470	0.083980	+	1	GTEX,SRA,TCGA
ZNF304_57355783	chr19	57355783	57355784	ZNF304	0.041077	+	1	GTEX,SRA,TCGA
TPO_1413722	chr2	1413722	1413723	TPO	0.080175	+	1	GTEX,SRA,TCGA
YWHAQ_9588109	chr2	9588109	9588110	YWHAQ	0.028957	-	1	GTEX,SRA,TCGA
GRHL1_9952294	chr2	9952294	9952295	GRHL1	0.347837	+	1	GTEX,SRA,TCGA
E2F6_11449236	chr2	11449236	11449237	E2F6	0.041536	-	1	GTEX,SRA,TCGA
WDR35_19941611	chr2	19941611	19941612	WDR35	0.013507	-	1	GTEX,SRA,TCGA
WDR35_19977924	chr2	19977924	19977925	WDR35	0.198052	-	1	GTEX,SRA,TCGA
APOB_21033518	chr2	21033518	21033519	APOB	0.118691	-	2	GTEX,SRA,TCGA
APOB_21038111	chr2	21038111	21038112	APOB	0.184735	-	1	GTEX,SRA,TCGA
FAM228B_24093893	chr2	24093893	24093894	FAM228B	0.148368	+	1	GTEX,SRA,TCGA
FOSL2_28410224	chr2	28410224	28410225	FOSL2	0.106255	+	1	GTEX,SRA,TCGA
PLB1_28530265	chr2	28530265	28530266	PLB1	0.251824	+	1	GTEX,SRA,TCGA
PLB1_28601763	chr2	28601763	28601764	PLB1	0.032050	+	1	GTEX,SRA,TCGA
XDH_31383152	chr2	31383152	31383153	XDH	0.066322	-	1	GTEX,SRA,TCGA
SRD5A2_31529457	chr2	31529457	31529458	SRD5A2	0.083724	-	1	GTEX,SRA,TCGA
MEMO1_31886787	chr2	31886787	31886788	MEMO1	0.510267	-	1	GTEX,SRA,TCGA
NLRC4_32238594	chr2	32238594	32238595	NLRC4	0.118503	-	1	GTEX,SRA,TCGA
BIRC6_32439506	chr2	32439506	32439507	BIRC6	0.043069	+	1	GTEX,SRA,TCGA
BIRC6_32521811	chr2	32521811	32521812	BIRC6	0.000049	+	1	GTEX,SRA,TCGA
RASGRP3_33520551	chr2	33520551	33520552	RASGRP3	0.077069	+	1	GTEX,SRA,TCGA
AC020594.5_33558610	chr2	33558610	33558611	AC020594.5	0.159153	-	1	GTEX,SRA,TCGA
RMDN2_37993589	chr2	37993589	37993590	RMDN2	0.186713	+	1	GTEX,SRA,TCGA
CDKL4_39189346	chr2	39189346	39189347	CDKL4	0.340883	-	1	GTEX,SRA,TCGA
PPP1R21_48462271	chr2	48462271	48462272	PPP1R21	0.049955	+	1	GTEX,SRA,TCGA
PSME4_53913870	chr2	53913870	53913871	PSME4	0.585809	-	1	GTEX,SRA,TCGA
EML6_54848125	chr2	54848125	54848126	EML6	0.146033	+	1	GTEX,SRA,TCGA
PAPOLG_60781883	chr2	60781883	60781884	PAPOLG	0.068586	+	1	GTEX,SRA,TCGA
KIAA1841_61113848	chr2	61113848	61113849	KIAA1841	0.018992	+	1	GTEX,SRA,TCGA
USP34_61314000	chr2	61314000	61314001	USP34	0.436425	-	1	GTEX,SRA,TCGA
UGP2_63884378	chr2	63884378	63884379	UGP2	0.074399	+	1	GTEX,SRA,TCGA
PELI1_64097061	chr2	64097061	64097062	PELI1	0.179135	-	1	GTEX,SRA,TCGA
AAK1_69531600	chr2	69531600	69531601	AAK1	0.108421	-	1	GTEX,SRA
GMCL1_69867800	chr2	69867800	69867801	GMCL1	0.031104	+	1	GTEX,SRA,TCGA
TIA1_70225464	chr2	70225464	70225465	TIA1	0.014031	-	2	GTEX,SRA,TCGA
DYSF_71664635	chr2	71664635	71664636	DYSF	0.035376	+	1	GTEX,SRA,TCGA
M1AP_74647274	chr2	74647274	74647275	M1AP	0.068641	-	1	GTEX,SRA,TCGA
PROM2_95287394	chr2	95287394	95287395	PROM2	0.449849	+	1	GTEX,SRA,TCGA
TMEM131_97815606	chr2	97815606	97815607	TMEM131	0.154575	-	1	GTEX,SRA,TCGA
INPP4A_98550518	chr2	98550518	98550519	INPP4A	0.091963	+	1	GTEX,SRA,TCGA
TSGA10_99117073	chr2	99117073	99117074	TSGA10	0.029859	-	1	GTEX,SRA,TCGA
NPAS2_100968715	chr2	100968715	100968716	NPAS2	0.152350	+	1	GTEX,SRA,TCGA
NPAS2_100993345	chr2	100993345	100993346	NPAS2	0.098183	+	1	GTEX,SRA,TCGA
IL1RL1_102338835	chr2	102338835	102338836	IL1RL1	0.163285	+	1	GTEX,SRA,TCGA
IL18RAP_102422546	chr2	102422546	102422547	IL18RAP	0.279314	+	1	GTEX,SRA,TCGA
IL18RAP_102444091	chr2	102444091	102444092	IL18RAP	0.021367	+	1	GTEX,SRA,TCGA
C2orf49_105341700	chr2	105341700	105341701	C2orf49	0.221791	+	1	GTEX,SRA,TCGA
LINC00116_110214478	chr2	110214478	110214479	LINC00116	0.436997	-	1	GTEX,SRA,TCGA
TMEM87B_112095422	chr2	112095422	112095423	TMEM87B	0.015923	+	1	GTEX,SRA,TCGA
TTL_112521340	chr2	112521340	112521341	TTL	0.291986	+	1	GTEX,SRA,TCGA
POLR1B_112572560	chr2	112572560	112572561	POLR1B	0.148543	+	1	GTEX,SRA,TCGA
SLC20A1_112649928	chr2	112649928	112649929	SLC20A1	0.086421	+	2	GTEX,SRA,TCGA
IL36G_112978618	chr2	112978618	112978619	IL36G	0.070218	+	1	GTEX,SRA,TCGA
DPP10_115750192	chr2	115750192	115750193	DPP10	0.378630	+	1	GTEX,SRA,TCGA
SCTR_119453132	chr2	119453132	119453133	SCTR	0.103257	-	1	GTEX,SRA,TCGA
UGGT1_128135239	chr2	128135239	128135240	UGGT1	0.178813	+	1	GTEX,SRA,TCGA
FAM168B_131053015	chr2	131053015	131053016	FAM168B	0.217242	-	1	GTEX,SRA,TCGA
LYPD1_132669495	chr2	132669495	132669496	LYPD1	0.346577	-	1	GTEX,SRA,TCGA
AC079584.3_143603735	chr2	143603735	143603736	AC079584.3	0.260689	+	1	GTEX,SRA,TCGA
RND3_150470688	chr2	150470688	150470689	RND3	0.019242	-	1	GTEX,SRA,TCGA
ERMN_157323229	chr2	157323229	157323230	ERMN	0.100930	-	1	GTEX,SRA,TCGA
BAZ2B_159411906	chr2	159411906	159411907	BAZ2B	0.404759	-	1	GTEX,SRA,TCGA
IFIH1_162308906	chr2	162308906	162308907	IFIH1	0.061231	-	1	GTEX,SRA,TCGA
SCN2A_165309163	chr2	165309163	165309164	SCN2A	0.127126	+	1	GTEX,SRA,TCGA
SPC25_168873683	chr2	168873683	168873684	SPC25	0.091091	-	1	GTEX,SRA,TCGA
CHRNA1_174760989	chr2	174760989	174760990	CHRNA1	0.355318	-	1	GTEX,SRA,TCGA
ATP5G3_175179529	chr2	175179529	175179530	ATP5G3	0.173761	-	1	GTEX,SRA,TCGA
PLEKHA3_178495985	chr2	178495985	178495986	PLEKHA3	0.058218	+	1	GTEX,SRA,TCGA
COL5A2_189050115	chr2	189050115	189050116	COL5A2	0.382511	-	1	GTEX,SRA,TCGA
ANKAR_189743273	chr2	189743273	189743274	ANKAR	0.050490	+	1	GTEX,SRA,TCGA
INPP1_190365183	chr2	190365183	190365184	INPP1	0.019980	+	1	GTEX,SRA,TCGA
MAIP1_199958927	chr2	199958927	199958928	MAIP1	0.047561	+	1	GTEX,SRA,TCGA
AOX1_200595596	chr2	200595596	200595597	AOX1	0.076367	+	1	GTEX,SRA,TCGA
EEF1B2_206160267	chr2	206160267	206160268	EEF1B2	0.019744	+	1	GTEX,SRA,TCGA
GPR1_206215170	chr2	206215170	206215171	GPR1	0.190628	-	1	GTEX,SRA,TCGA
CPO_206962410	chr2	206962410	206962411	CPO	0.027182	+	1	GTEX,SRA,TCGA
CRYGB_208143370	chr2	208143370	208143371	CRYGB	0.066645	-	1	GTEX,SRA,TCGA
C2orf80_208169587	chr2	208169587	208169588	C2orf80	0.106097	-	1	GTEX,SRA,TCGA
CPS1_210613422	chr2	210613422	210613423	CPS1	0.068732	+	1	GTEX,SRA,TCGA
ABCA12_215050793	chr2	215050793	215050794	ABCA12	0.043379	-	1	GTEX,SRA,TCGA
CFAP65_219039477	chr2	219039477	219039478	CFAP65	0.423674	-	1	GTEX,SRA,TCGA
STK11IP_219615705	chr2	219615705	219615706	STK11IP	0.085356	+	1	GTEX,SRA,TCGA
SLC4A3_219629070	chr2	219629070	219629071	SLC4A3	0.079878	+	1	GTEX,SRA,TCGA
DAW1_227888600	chr2	227888600	227888601	DAW1	0.078040	+	1	GTEX,SRA,TCGA
PTMA_231709399	chr2	231709399	231709400	PTMA	0.401057	+	1	GTEX,SRA,TCGA
MROH2A_233832502	chr2	233832502	233832503	MROH2A	0.065857	+	1	GTEX,SRA,TCGA
RBM44_237824227	chr2	237824227	237824228	RBM44	0.044506	+	1	GTEX,SRA,TCGA
TRAF3IP1_238344180	chr2	238344180	238344181	TRAF3IP1	0.134904	+	1	GTEX,SRA,TCGA
PASK_241122899	chr2	241122899	241122900	PASK	0.069790	-	1	GTEX,SRA,TCGA
HDLBP_241262588	chr2	241262588	241262589	HDLBP	0.100507	-	1	GTEX,SRA,TCGA
ZNF343_2493687	chr20	2493687	2493688	ZNF343	0.018593	-	1	GTEX,SRA,TCGA
ZNF343_2493691	chr20	2493691	2493692	ZNF343	0.018089	-	1	GTEX,SRA,TCGA
ZNF343_2493692	chr20	2493692	2493693	ZNF343	0.014170	-	1	GTEX,SRA,TCGA
C20orf194_3264105	chr20	3264105	3264106	C20orf194	0.178599	-	1	GTEX,SRA,TCGA
HSPA12B_3751388	chr20	3751388	3751389	HSPA12B	0.202456	+	1	GTEX,SRA,TCGA
RASSF2_4823314	chr20	4823314	4823315	RASSF2	0.011317	-	1	GTEX,SRA,TCGA
CDS2_5178815	chr20	5178815	5178816	CDS2	0.283033	+	1	GTEX,SRA,TCGA
HAO1_7937906	chr20	7937906	7937907	HAO1	0.119426	-	1	GTEX,SRA,TCGA
SNX5_17952711	chr20	17952711	17952712	SNX5	0.103070	-	1	GTEX,SRA,TCGA
KAT14_18160178	chr20	18160178	18160179	KAT14	0.037450	+	1	GTEX,SRA,TCGA
NAA20_20022987	chr20	20022987	20022988	NAA20	0.059461	+	1	GTEX,SRA,TCGA
NAA20_20024634	chr20	20024634	20024635	NAA20	0.122286	+	1	GTEX,SRA,TCGA
GZF1_23369747	chr20	23369747	23369748	GZF1	0.036359	+	1	GTEX,SRA,TCGA
CST8_23491408	chr20	23491408	23491409	CST8	0.041336	+	1	GTEX,SRA,TCGA
CST9_23605099	chr20	23605099	23605100	CST9	0.293683	-	1	GTEX,SRA,TCGA
GINS1_25416075	chr20	25416075	25416076	GINS1	0.097897	+	1	GTEX,SRA,TCGA
TTLL9_31920718	chr20	31920718	31920719	TTLL9	0.075057	+	1	SRA,TCGA
PDRG1_31948300	chr20	31948300	31948301	PDRG1	0.006290	-	1	GTEX,SRA,TCGA
NCOA6_34738858	chr20	34738858	34738859	NCOA6	0.057162	-	1	GTEX,SRA,TCGA
CPNE1_35631173	chr20	35631173	35631174	CPNE1	0.064523	-	1	GTEX,SRA,TCGA
RPN2_37238985	chr20	37238985	37238986	RPN2	0.024455	+	1	GTEX,SRA,TCGA
DHX35_38962112	chr20	38962112	38962113	DHX35	0.106460	+	1	GTEX,SRA,TCGA
PLCG1_41163919	chr20	41163919	41163920	PLCG1	0.072882	+	1	GTEX,SRA,TCGA
ZHX3_41206269	chr20	41206269	41206270	ZHX3	0.399024	-	1	GTEX,SRA,TCGA
CHD6_41486235	chr20	41486235	41486236	CHD6	0.004455	-	1	GTEX,SRA,TCGA
SRSF6_43458359	chr20	43458359	43458360	SRSF6	0.148200	+	1	GTEX,SRA,TCGA
SLPI_45253833	chr20	45253833	45253834	SLPI	0.195718	-	1	GTEX,SRA,TCGA
ZNF217_53569363	chr20	53569363	53569364	ZNF217	0.032437	-	1	GTEX,SRA,TCGA
NPEPL1_58705402	chr20	58705402	58705403	NPEPL1	0.001976	+	1	GTEX,SRA,TCGA
ADRM1_62306646	chr20	62306646	62306647	ADRM1	0.170835	+	2	GTEX,SRA,TCGA
RBBP8NL_62418138	chr20	62418138	62418139	RBBP8NL	0.055843	-	1	GTEX,SRA,TCGA
SLC17A9_62964133	chr20	62964133	62964134	SLC17A9	0.002469	+	1	GTEX,SRA,TCGA
SRMS_63541801	chr20	63541801	63541802	SRMS	0.444120	-	1	GTEX,SRA,TCGA
STMN3_63642400	chr20	63642400	63642401	STMN3	0.164525	-	1	GTEX,SRA,TCGA
LINC00176_64038449	chr20	64038449	64038450	LINC00176	0.046141	+	2	GTEX,SRA,TCGA
TPTE_10522043	chr21	10522043	10522044	TPTE	0.167827	+	1	GTEX,SRA,TCGA
TPTE_10605311	chr21	10605311	10605312	TPTE	0.104581	+	1	GTEX,SRA,TCGA
RBM11_14216430	chr21	14216430	14216431	RBM11	0.180037	+	1	GTEX,SRA,TCGA
RBM11_14223631	chr21	14223631	14223632	RBM11	0.002539	+	1	GTEX,SRA,TCGA
USP25_15764883	chr21	15764883	15764884	USP25	0.172600	+	1	GTEX,SRA,TCGA
USP25_15822410	chr21	15822410	15822411	USP25	0.096199	+	1	GTEX,SRA,TCGA
N6AMT1_28878333	chr21	28878333	28878334	N6AMT1	0.051748	-	1	GTEX,SRA,TCGA
SYNJ1_32670756	chr21	32670756	32670757	SYNJ1	0.039809	-	1	GTEX,SRA,TCGA
DOPEY2_36260430	chr21	36260430	36260431	DOPEY2	0.063233	+	1	GTEX,SRA,TCGA
DOPEY2_36260434	chr21	36260434	36260435	DOPEY2	0.034856	+	1	GTEX,SRA,TCGA
MORC3_36362653	chr21	36362653	36362654	MORC3	0.056431	+	1	SRA
ETS2_38819476	chr21	38819476	38819477	ETS2	0.061280	+	1	GTEX,SRA,TCGA
PSMG1_39183061	chr21	39183061	39183062	PSMG1	0.163103	-	1	GTEX,SRA,TCGA
BRWD1_39230240	chr21	39230240	39230241	BRWD1	0.307273	-	1	GTEX,SRA,TCGA
IGSF5_39788732	chr21	39788732	39788733	IGSF5	0.123282	+	1	GTEX,SRA,TCGA
ABCG1_42279891	chr21	42279891	42279892	ABCG1	0.053367	+	1	GTEX,SRA,TCGA
PDE9A_42768819	chr21	42768819	42768820	PDE9A	0.110972	+	1	GTEX,SRA,TCGA
TRAPPC10_44055696	chr21	44055696	44055697	TRAPPC10	0.127300	+	1	GTEX,SRA,TCGA
PWP2_44114541	chr21	44114541	44114542	PWP2	0.223961	+	1	GTEX,SRA,TCGA
PWP2_44120629	chr21	44120629	44120630	PWP2	0.394402	+	1	GTEX,SRA,TCGA
PWP2_44120946	chr21	44120946	44120947	PWP2	0.202541	+	1	GTEX,SRA,TCGA
TRPM2_44425448	chr21	44425448	44425449	TRPM2	0.021490	+	1	GTEX,SRA,TCGA
TRPM2_44425452	chr21	44425452	44425453	TRPM2	0.018001	+	1	GTEX,SRA,TCGA
ADARB1_45183960	chr21	45183960	45183961	ADARB1	0.030534	+	2	GTEX,SRA,TCGA
FTCD_46145947	chr21	46145947	46145948	FTCD	0.151770	-	1	GTEX,SRA,TCGA
MCM3AP_46272262	chr21	46272262	46272263	MCM3AP	0.480831	-	1	GTEX,SRA,TCGA
DIP2A_46490262	chr21	46490262	46490263	DIP2A	0.017430	+	1	GTEX,SRA,TCGA
GAB4_16989527	chr22	16989527	16989528	GAB4	0.087140	-	1	GTEX,SRA,TCGA
IL17RA_17099309	chr22	17099309	17099310	IL17RA	0.022429	+	1	GTEX,SRA,TCGA
MICAL3_17899841	chr22	17899841	17899842	MICAL3	0.016881	-	1	GTEX,SRA,TCGA
CLTCL1_19228199	chr22	19228199	19228200	CLTCL1	0.297849	-	1	GTEX,SRA,TCGA
HIRA_19408273	chr22	19408273	19408274	HIRA	0.073670	-	1	GTEX,SRA,TCGA
CDC45_19499099	chr22	19499099	19499100	CDC45	0.194121	+	1	GTEX,SRA,TCGA
SEPT5_19719804	chr22	19719804	19719805	SEPT5	0.162302	+	1	GTEX,SRA,TCGA
ARVCF_19978436	chr22	19978436	19978437	ARVCF	0.036860	-	1	GTEX,SRA,TCGA
ARVCF_19978441	chr22	19978441	19978442	ARVCF	0.049132	-	1	GTEX,SRA,TCGA
CABIN1_24113382	chr22	24113382	24113383	CABIN1	0.270170	+	1	GTEX,SRA,TCGA
GGT5_24233305	chr22	24233305	24233306	GGT5	0.020114	-	1	GTEX,SRA,TCGA
C22orf31_29059682	chr22	29059682	29059683	C22orf31	0.528647	-	1	GTEX,SRA,TCGA
EMID1_29234202	chr22	29234202	29234203	EMID1	0.154903	+	1	GTEX,SRA,TCGA
MTMR3_29994169	chr22	29994169	29994170	MTMR3	0.109471	+	1	GTEX,SRA,TCGA
SF3A1_30342350	chr22	30342350	30342351	SF3A1	0.162801	-	1	GTEX,SRA,TCGA
RRP7A_42519411	chr22	42519411	42519412	RRP7A	0.305456	-	1	GTEX,SRA,TCGA
TSPO_43161050	chr22	43161050	43161051	TSPO	0.431408	+	1	GTEX,SRA,TCGA
FAM118A_45328390	chr22	45328390	45328391	FAM118A	0.062434	+	1	GTEX,SRA,TCGA
ATXN10_45737082	chr22	45737082	45737083	ATXN10	0.138806	+	1	GTEX,SRA,TCGA
CERK_46691869	chr22	46691869	46691870	CERK	0.035324	-	1	GTEX,SRA,TCGA
IL17REL_49999502	chr22	49999502	49999503	IL17REL	0.075523	-	1	GTEX,SRA,TCGA
SELENOO_50212683	chr22	50212683	50212684	SELENOO	0.062468	+	1	GTEX,SRA,TCGA
SRGAP3_8993283	chr3	8993283	8993284	SRGAP3	0.125017	-	1	GTEX,SRA,TCGA
IL17RC_9928164	chr3	9928164	9928165	IL17RC	0.061468	+	1	GTEX,SRA,TCGA
FANCD2_10043048	chr3	10043048	10043049	FANCD2	0.169104	+	1	GTEX,SRA,TCGA
TSEN2_12494304	chr3	12494304	12494305	TSEN2	0.140451	+	1	GTEX,SRA,TCGA
NUP210_13325998	chr3	13325998	13325999	NUP210	0.307995	-	1	GTEX,SRA,TCGA
NUP210_13347089	chr3	13347089	13347090	NUP210	0.146931	-	1	GTEX,SRA,TCGA
C3orf20_14682498	chr3	14682498	14682499	C3orf20	0.080597	+	1	GTEX,SRA,TCGA
C3orf20_14682502	chr3	14682502	14682503	C3orf20	0.059574	+	1	GTEX,SRA,TCGA
C3orf20_14722566	chr3	14722566	14722567	C3orf20	0.056882	+	1	GTEX,SRA,TCGA
UBE2E1_23888426	chr3	23888426	23888427	UBE2E1	0.019344	+	1	GTEX,SRA,TCGA
GLB1_33066076	chr3	33066076	33066077	GLB1	0.009856	-	1	GTEX,SRA,TCGA
GOLGA4_37315928	chr3	37315928	37315929	GOLGA4	0.072842	+	1	GTEX,SRA,TCGA
ACAA1_38136801	chr3	38136801	38136802	ACAA1	0.049508	-	1	GTEX,SRA,TCGA
ACAA1_38136805	chr3	38136805	38136806	ACAA1	0.075469	-	1	GTEX,SRA,TCGA
OXSR1_38234759	chr3	38234759	38234760	OXSR1	0.250679	+	1	GTEX,SRA,TCGA
XYLB_38347823	chr3	38347823	38347824	XYLB	0.070600	+	1	GTEX,SRA
XYLB_38372542	chr3	38372542	38372543	XYLB	0.023783	+	2	GTEX,SRA,TCGA
XYLB_38372547	chr3	38372547	38372548	XYLB	0.007756	+	1	GTEX,SRA,TCGA
EIF1B_40310304	chr3	40310304	40310305	EIF1B	0.029312	+	1	GTEX,SRA,TCGA
SETD2_47043370	chr3	47043370	47043371	SETD2	0.009722	-	1	GTEX,SRA,TCGA
LAMB2_49132189	chr3	49132189	49132190	LAMB2	0.097815	-	1	GTEX,SRA,TCGA
UBA7_49813647	chr3	49813647	49813648	UBA7	0.204461	-	1	GTEX,SRA,TCGA
TRAIP_49829508	chr3	49829508	49829509	TRAIP	0.268496	-	1	GTEX,SRA,TCGA
SEMA3F_50177327	chr3	50177327	50177328	SEMA3F	0.332576	+	1	GTEX,SRA,TCGA
LSMEM2_50279461	chr3	50279461	50279462	LSMEM2	0.095979	+	1	GTEX,SRA,TCGA
NT5DC2_52533501	chr3	52533501	52533502	NT5DC2	0.123618	-	2	GTEX,SRA,TCGA
PBRM1_52552205	chr3	52552205	52552206	PBRM1	0.158572	-	1	GTEX,SRA,TCGA
PBRM1_52552209	chr3	52552209	52552210	PBRM1	0.177762	-	1	GTEX,SRA,TCGA
RFT1_53118620	chr3	53118620	53118621	RFT1	0.091097	-	1	GTEX,SRA,TCGA
CHDH_53819188	chr3	53819188	53819189	CHDH	0.050234	-	1	GTEX,SRA,TCGA
IL17RB_53856449	chr3	53856449	53856450	IL17RB	0.004108	+	1	GTEX,SRA,TCGA
APPL1_57252823	chr3	57252823	57252824	APPL1	0.057597	+	1	GTEX,SRA,TCGA
PRICKLE2_64159207	chr3	64159207	64159208	PRICKLE2	0.114561	-	1	GTEX,SRA,TCGA
ADAMTS9_64541620	chr3	64541620	64541621	ADAMTS9	0.052682	-	1	GTEX,SRA,TCGA
ADAMTS9_64658388	chr3	64658388	64658389	ADAMTS9	0.038355	-	1	GTEX,SRA,TCGA
PROS1_93925041	chr3	93925041	93925042	PROS1	0.078014	-	1	GTEX,SRA,TCGA
TBC1D23_100294961	chr3	100294961	100294962	TBC1D23	0.055902	+	1	GTEX,SRA,TCGA
SENP7_101371566	chr3	101371566	101371567	SENP7	0.098197	-	1	GTEX,SRA,TCGA
CBLB_105678571	chr3	105678571	105678572	CBLB	0.179643	-	1	GTEX,SRA,TCGA
MYH15_108389813	chr3	108389813	108389814	MYH15	0.258374	-	1	GTEX,SRA,TCGA
MYH15_108470847	chr3	108470847	108470848	MYH15	0.021467	-	1	GTEX,SRA,TCGA
TMPRSS7_112061785	chr3	112061785	112061786	TMPRSS7	0.273688	+	1	GTEX,SRA,TCGA
SLC9C1_112277973	chr3	112277973	112277974	SLC9C1	0.052415	-	1	GTEX,SRA,TCGA
IGSF11_118904383	chr3	118904383	118904384	IGSF11	0.015329	-	1	GTEX,SRA,TCGA
POPDC2_119643048	chr3	119643048	119643049	POPDC2	0.192516	-	1	GTEX,SRA,TCGA
PARP15_122632084	chr3	122632084	122632085	PARP15	0.134348	+	1	GTEX,SRA,TCGA
SNX4_125449296	chr3	125449296	125449297	SNX4	0.062817	-	1	GTEX,SRA,TCGA
OSBPL11_125544658	chr3	125544658	125544659	OSBPL11	0.007209	-	1	GTEX,SRA
CHST13_126541265	chr3	126541265	126541266	CHST13	0.354232	+	1	GTEX,SRA,TCGA
TXNRD3_126609136	chr3	126609136	126609137	TXNRD3	0.006593	-	1	GTEX,SRA,TCGA
TXNRD3_126617497	chr3	126617497	126617498	TXNRD3	0.108981	-	1	GTEX,SRA,TCGA
ALG1L2_130092447	chr3	130092447	130092448	ALG1L2	0.038768	+	1	GTEX,SRA,TCGA
SLCO2A1_133938251	chr3	133938251	133938252	SLCO2A1	0.024425	-	1	GTEX,SRA,TCGA
CEP70_138530601	chr3	138530601	138530602	CEP70	0.085365	-	1	GTEX,SRA,TCGA
RNF13_149913841	chr3	149913841	149913842	RNF13	0.032021	+	1	GTEX,SRA,TCGA
GPR171_151199561	chr3	151199561	151199562	GPR171	0.321433	-	1	GTEX,SRA,TCGA
AADACL2_151736009	chr3	151736009	151736010	AADACL2	0.210948	+	1	GTEX,SRA,TCGA
PLCH1_155487836	chr3	155487836	155487837	PLCH1	0.063310	-	1	GTEX,SRA,TCGA
MLF1_158604064	chr3	158604064	158604065	MLF1	0.162388	+	1	GTEX,SRA,TCGA
SMC4_160423759	chr3	160423759	160423760	SMC4	0.329091	+	1	GTEX,SRA,TCGA
SI_165017673	chr3	165017673	165017674	SI	0.033995	-	1	GTEX,SRA,TCGA
PLD1_171696252	chr3	171696252	171696253	PLD1	0.042085	-	1	GTEX,SRA,TCGA
ECT2_172782714	chr3	172782714	172782715	ECT2	0.160242	+	1	GTEX,SRA
MRPL47_179604394	chr3	179604394	179604395	MRPL47	0.099617	-	1	GTEX,SRA,TCGA
MCF2L2_183223438	chr3	183223438	183223439	MCF2L2	0.046531	-	1	GTEX,SRA,TCGA
YEATS2_183716432	chr3	183716432	183716433	YEATS2	0.008479	+	1	GTEX,SRA,TCGA
IGF2BP2_185656247	chr3	185656247	185656248	IGF2BP2	0.139673	-	1	GTEX,SRA,TCGA
ATP13A4_193441789	chr3	193441789	193441790	ATP13A4	0.211851	-	1	GTEX,SRA,TCGA
LSG1_194649788	chr3	194649788	194649789	LSG1	0.078284	-	1	GTEX,SRA,TCGA
SLC51A_196228616	chr3	196228616	196228617	SLC51A	0.354541	+	1	GTEX,SRA,TCGA
TACC3_1729405	chr4	1729405	1729406	TACC3	0.055462	+	1	GTEX,SRA,TCGA
GRK4_3005121	chr4	3005121	3005122	GRK4	0.148650	+	1	GTEX,SRA,TCGA
GRK4_3021668	chr4	3021668	3021669	GRK4	0.226681	+	1	GTEX,SRA,TCGA
SORCS2_7734733	chr4	7734733	7734734	SORCS2	0.049325	+	1	GTEX,SRA,TCGA
AFAP1_7797831	chr4	7797831	7797832	AFAP1	0.315508	-	1	GTEX,SRA,TCGA
TRMT44_8442937	chr4	8442937	8442938	TRMT44	0.023118	+	1	GTEX,SRA,TCGA
CPEB2_15008336	chr4	15008336	15008337	CPEB2	0.143125	+	1	GTEX,SRA,TCGA
TBC1D1_38098111	chr4	38098111	38098112	TBC1D1	0.026796	+	1	GTEX,SRA,TCGA
KLF3_38688185	chr4	38688185	38688186	KLF3	0.145303	+	1	GTEX,SRA,TCGA
KLF3_38694551	chr4	38694551	38694552	KLF3	0.100979	+	1	GTEX,SRA,TCGA
LIAS_39463523	chr4	39463523	39463524	LIAS	0.163407	+	1	GTEX,SRA,TCGA
PDS5A_39839207	chr4	39839207	39839208	PDS5A	0.098721	-	1	GTEX,SRA,TCGA
GNPDA2_44714595	chr4	44714595	44714596	GNPDA2	0.044682	-	1	GTEX,SRA,TCGA
LNX1-AS1_53500411	chr4	53500411	53500412	LNX1-AS1	0.033468	+	1	GTEX,SRA
LNX1-AS1_53500415	chr4	53500415	53500416	LNX1-AS1	0.027713	+	1	GTEX,SRA
LNX1_53507605	chr4	53507605	53507606	LNX1	0.151983	-	1	GTEX,SRA,TCGA
NMU_55609282	chr4	55609282	55609283	NMU	0.103984	-	1	GTEX,SRA,TCGA
UBA6_67624709	chr4	67624709	67624710	UBA6	0.041613	-	1	GTEX,SRA,TCGA
YTHDC1_68322358	chr4	68322358	68322359	YTHDC1	0.106178	-	1	GTEX,SRA,TCGA
ADAMTS3_72307413	chr4	72307413	72307414	ADAMTS3	0.179195	-	1	GTEX,SRA,TCGA
AFM_73487557	chr4	73487557	73487558	AFM	0.209772	+	1	GTEX,SRA,TCGA
USO1_75806365	chr4	75806365	75806366	USO1	0.029512	+	1	GTEX,SRA,TCGA
ART3_76079140	chr4	76079140	76079141	ART3	0.194331	+	1	GTEX,SRA,TCGA
ANTXR2_79984118	chr4	79984118	79984119	ANTXR2	0.063992	-	1	GTEX,SRA,TCGA
HELQ_83423357	chr4	83423357	83423358	HELQ	0.190896	-	1	GTEX,SRA,TCGA
HELQ_83451852	chr4	83451852	83451853	HELQ	0.002700	-	1	GTEX,SRA,TCGA
HELQ_83451857	chr4	83451857	83451858	HELQ	0.001651	-	1	GTEX,SRA,TCGA
SLC10A6_86833090	chr4	86833090	86833091	SLC10A6	0.340840	-	1	GTEX,SRA,TCGA
PKD2_88036479	chr4	88036479	88036480	PKD2	0.080105	+	2	GTEX,SRA,TCGA
SMARCAD1_94266237	chr4	94266237	94266238	SMARCAD1	0.011766	+	2	GTEX,SRA,TCGA
ADH4_99124691	chr4	99124691	99124692	ADH4	0.525048	-	1	GTEX,SRA,TCGA
MTTP_99620681	chr4	99620681	99620682	MTTP	0.153547	+	1	GTEX,SRA,TCGA
DNAJB14_99908419	chr4	99908419	99908420	DNAJB14	0.285917	-	1	GTEX,SRA,TCGA
PPP3CA_101033922	chr4	101033922	101033923	PPP3CA	0.497690	-	1	GTEX,SRA,TCGA
PPP3CA_101081044	chr4	101081044	101081045	PPP3CA	0.151364	-	1	GTEX,SRA,TCGA
PAPSS1_107654967	chr4	107654967	107654968	PAPSS1	0.083073	-	1	GTEX,SRA,TCGA
PDE5A_119520306	chr4	119520306	119520307	PDE5A	0.217588	-	1	GTEX,SRA,TCGA
SLC25A31_127772694	chr4	127772694	127772695	SLC25A31	0.268632	+	1	GTEX,SRA,TCGA
LARP1B_128093030	chr4	128093030	128093031	LARP1B	0.049410	+	1	GTEX,SRA,TCGA
LARP1B_128206840	chr4	128206840	128206841	LARP1B	0.121348	+	1	GTEX,SRA,TCGA
ELF2_139064579	chr4	139064579	139064580	ELF2	0.327627	-	1	GTEX,SRA,TCGA
ZNF330_141224336	chr4	141224336	141224337	ZNF330	0.005953	+	1	GTEX,SRA,TCGA
SMARCA5_143542135	chr4	143542135	143542136	SMARCA5	0.092714	+	1	GTEX,SRA,TCGA
PRMT9_147666765	chr4	147666765	147666766	PRMT9	0.133298	-	1	GTEX,SRA,TCGA
KIAA0922_153467115	chr4	153467115	153467116	KIAA0922	0.094127	+	1	GTEX,SRA,TCGA
FGA_154590271	chr4	154590271	154590272	FGA	0.060107	-	1	GTEX,SRA,TCGA
GUCY1A3_155718882	chr4	155718882	155718883	GUCY1A3	0.008734	+	1	GTEX,SRA,TCGA
GUCY1B3_155805532	chr4	155805532	155805533	GUCY1B3	0.234824	+	1	GTEX,SRA,TCGA
SH3RF1_169121883	chr4	169121883	169121884	SH3RF1	0.010635	-	1	GTEX,SRA,TCGA
HPF1_169756127	chr4	169756127	169756128	HPF1	0.255565	-	1	GTEX,SRA,TCGA
AADAT_170069353	chr4	170069353	170069354	AADAT	0.147244	-	1	GTEX,SRA,TCGA
EXOC3_454404	chr5	454404	454405	EXOC3	0.109269	+	1	GTEX,SRA,TCGA
SLC9A3_490253	chr5	490253	490254	SLC9A3	0.019476	-	1	GTEX,SRA,TCGA
CEP72_612600	chr5	612600	612601	CEP72	0.299866	+	2	GTEX,SRA,TCGA
CEP72_643668	chr5	643668	643669	CEP72	0.272127	+	1	GTEX,SRA,TCGA
TRIP13_912597	chr5	912597	912598	TRIP13	0.246970	+	1	GTEX,SRA,TCGA
ICE1_5466177	chr5	5466177	5466178	ICE1	0.214814	+	1	GTEX,SRA,TCGA
NSUN2_6619315	chr5	6619315	6619316	NSUN2	0.037863	-	1	GTEX,SRA,TCGA
CDH9_26903824	chr5	26903824	26903825	CDH9	0.062556	-	1	GTEX,SRA,TCGA
PDZD2_32100966	chr5	32100966	32100967	PDZD2	0.119664	+	1	GTEX,SRA,TCGA
ZFR_32402546	chr5	32402546	32402547	ZFR	0.163968	-	1	GTEX,SRA,TCGA
NADK2_36225256	chr5	36225256	36225257	NADK2	0.032020	-	1	GTEX,SRA,TCGA
MROH2B_40998366	chr5	40998366	40998367	MROH2B	0.013160	-	1	GTEX,SRA,TCGA
C5orf51_41905479	chr5	41905479	41905480	C5orf51	0.045003	+	1	GTEX,SRA,TCGA
C5orf51_41913513	chr5	41913513	41913514	C5orf51	0.094383	+	1	GTEX,SRA,TCGA
CCDC152_42799159	chr5	42799159	42799160	CCDC152	0.044231	+	1	GTEX,SRA,TCGA
SETD9_56912257	chr5	56912257	56912258	SETD9	0.017455	+	1	GTEX,SRA,TCGA
ZSWIM6_61525146	chr5	61525146	61525147	ZSWIM6	0.457782	+	1	GTEX,SRA,TCGA
IPO11_62448692	chr5	62448692	62448693	IPO11	0.004303	+	2	GTEX,SRA,TCGA
IPO11_62448694	chr5	62448694	62448695	IPO11	0.003446	+	1	GTEX,SRA,TCGA
MAST4_67163145	chr5	67163145	67163146	MAST4	0.380942	+	1	GTEX,SRA,TCGA
NAIP_71002881	chr5	71002881	71002882	NAIP	0.059628	-	1	GTEX,SRA,TCGA
POLK_75580596	chr5	75580596	75580597	POLK	0.143184	+	1	GTEX,SRA,TCGA
ZFYVE16_80440954	chr5	80440954	80440955	ZFYVE16	0.171686	+	1	GTEX,SRA,TCGA
CKMT2_81264284	chr5	81264284	81264285	CKMT2	0.135240	+	1	GTEX,SRA,TCGA
LNPEP_97011088	chr5	97011088	97011089	LNPEP	0.082933	+	1	GTEX,SRA,TCGA
LNPEP_97011095	chr5	97011095	97011096	LNPEP	0.047189	+	1	GTEX,SRA,TCGA
PPIP5K2_103155907	chr5	103155907	103155908	PPIP5K2	0.090651	+	1	GTEX,SRA,TCGA
WDR36_111096165	chr5	111096165	111096166	WDR36	0.134694	+	1	GTEX,SRA,TCGA
APC_112837067	chr5	112837067	112837068	APC	0.130540	+	1	GTEX,SRA,TCGA
LVRN_116003932	chr5	116003932	116003933	LVRN	0.167925	+	1	GTEX,SRA,TCGA
DMXL1_119099415	chr5	119099415	119099416	DMXL1	0.185812	+	1	GTEX,SRA,TCGA
PHAX_126622767	chr5	126622767	126622768	PHAX	0.256566	+	1	GTEX,SRA,TCGA
LMNB1_126810139	chr5	126810139	126810140	LMNB1	0.388953	+	1	GTEX,SRA,TCGA
CCDC192_127707017	chr5	127707017	127707018	CCDC192	0.077994	+	1	GTEX,SRA,TCGA
CDKL3_134313410	chr5	134313410	134313411	CDKL3	0.236152	-	1	GTEX,SRA,TCGA
MATR3_139274613	chr5	139274613	139274614	MATR3	0.091756	+	1	GTEX,SRA,TCGA
SLC23A1_139379354	chr5	139379354	139379355	SLC23A1	0.150934	-	1	GTEX,SRA,TCGA
FCHSD1_141646722	chr5	141646722	141646723	FCHSD1	0.049099	-	1	GTEX,SRA,TCGA
ARHGAP26_143208691	chr5	143208691	143208692	ARHGAP26	0.013802	+	1	GTEX,SRA,TCGA
CSNK1A1_149504680	chr5	149504680	149504681	CSNK1A1	0.052303	-	1	GTEX,SRA,TCGA
CSNK1A1_149511063	chr5	149511063	149511064	CSNK1A1	0.013708	-	1	GTEX,SRA,TCGA
ARHGEF37_149628646	chr5	149628646	149628647	ARHGEF37	0.488622	+	1	GTEX,SRA,TCGA
NDST1_150527616	chr5	150527616	150527617	NDST1	0.218827	+	1	GTEX,SRA,TCGA
GPX3_151027430	chr5	151027430	151027431	GPX3	0.168422	+	1	GTEX,SRA,TCGA
RP11-54C4.3_151770772	chr5	151770772	151770773	RP11-54C4.3	0.021489	-	1	GTEX,SRA,TCGA
GEMIN5_154926074	chr5	154926074	154926075	GEMIN5	0.067369	-	1	GTEX,SRA,TCGA
TIMD4_156921951	chr5	156921951	156921952	TIMD4	0.389669	-	1	GTEX,SRA,TCGA
NOP16_176385929	chr5	176385929	176385930	NOP16	0.329353	-	1	GTEX,SRA,TCGA
HK3_176884743	chr5	176884743	176884744	HK3	0.118689	-	1	GTEX,SRA,TCGA
UIMC1_176969365	chr5	176969365	176969366	UIMC1	0.028961	-	1	GTEX,SRA,TCGA
NSD1_177280563	chr5	177280563	177280564	NSD1	0.108279	+	1	GTEX,SRA,TCGA
HNRNPAB_178206554	chr5	178206554	178206555	HNRNPAB	0.039409	+	1	GTEX,SRA,TCGA
ADAMTS2_179344507	chr5	179344507	179344508	ADAMTS2	0.324927	-	1	GTEX,SRA,TCGA
ADAMTS2_179344511	chr5	179344511	179344512	ADAMTS2	0.459930	-	1	GTEX,SRA,TCGA
RUFY1_179586562	chr5	179586562	179586563	RUFY1	0.211903	+	1	GTEX,SRA,TCGA
FOXF2_1393534	chr6	1393534	1393535	FOXF2	0.117588	+	1	GTEX,SRA,TCGA
SERPINB1_2839334	chr6	2839334	2839335	SERPINB1	0.313265	-	1	GTEX,SRA,TCGA
SERPINB6_2953186	chr6	2953186	2953187	SERPINB6	0.133395	-	1	GTEX,SRA,TCGA
PXDC1_3737616	chr6	3737616	3737617	PXDC1	0.087543	-	1	GTEX,SRA,TCGA
MBOAT1_20126163	chr6	20126163	20126164	MBOAT1	0.059181	-	1	GTEX,SRA,TCGA
MBOAT1_20151262	chr6	20151262	20151263	MBOAT1	0.012992	-	1	GTEX,SRA,TCGA
GPLD1_24467274	chr6	24467274	24467275	GPLD1	0.165084	-	1	GTEX,SRA,TCGA
KIAA0319_24552258	chr6	24552258	24552259	KIAA0319	0.175823	-	1	GTEX,SRA
GMNN_24779933	chr6	24779933	24779934	GMNN	0.365673	+	1	GTEX,SRA,TCGA
CARMIL1_25491946	chr6	25491946	25491947	CARMIL1	0.404920	+	1	GTEX,SRA,TCGA
ZSCAN26_28276193	chr6	28276193	28276194	ZSCAN26	0.047171	+	1	GTEX,SRA,TCGA
ZSCAN12_28383328	chr6	28383328	28383329	ZSCAN12	0.026026	-	1	GTEX,SRA,TCGA
GPX6_28505802	chr6	28505802	28505803	GPX6	0.170694	-	1	SRA
GPX5_28532319	chr6	28532319	28532320	GPX5	0.149971	+	1	GTEX,SRA,TCGA
OR2H1_29459368	chr6	29459368	29459369	OR2H1	0.033261	+	1	GTEX,SRA
VARS_31786540	chr6	31786540	31786541	VARS	0.093545	-	1	GTEX,SRA,TCGA
TNXB_32042606	chr6	32042606	32042607	TNXB	0.045714	-	1	GTEX,SRA,TCGA
TNXB_32087247	chr6	32087247	32087248	TNXB	0.093569	-	1	GTEX,SRA,TCGA
RNF5_32178794	chr6	32178794	32178795	RNF5	0.094204	+	1	GTEX,SRA,TCGA
UHRF1BP1_34855869	chr6	34855869	34855870	UHRF1BP1	0.026943	+	1	GTEX,SRA,TCGA
ZNF76_35293749	chr6	35293749	35293750	ZNF76	0.171890	+	1	GTEX,SRA,TCGA
TBC1D22B_37283012	chr6	37283012	37283013	TBC1D22B	0.076870	+	1	GTEX,SRA,TCGA
TREML2_41195652	chr6	41195652	41195653	TREML2	0.383762	-	1	GTEX,SRA,TCGA
UBR2_42689142	chr6	42689142	42689143	UBR2	0.162023	+	1	GTEX,SRA,TCGA
CUL9_43204931	chr6	43204931	43204932	CUL9	0.166047	+	1	GTEX,SRA,TCGA
SLC22A7_43300516	chr6	43300516	43300517	SLC22A7	0.046151	+	1	GTEX,SRA,TCGA
SLC22A7_43300549	chr6	43300549	43300550	SLC22A7	0.167777	+	1	GTEX,SRA,TCGA
ZNF318_43342468	chr6	43342468	43342469	ZNF318	0.057342	-	1	GTEX,SRA,TCGA
ZNF318_43342470	chr6	43342470	43342471	ZNF318	0.053064	-	1	GTEX,SRA,TCGA
TCTE1_44287189	chr6	44287189	44287190	TCTE1	0.042784	-	1	GTEX,SRA,TCGA
SLC25A27_46658527	chr6	46658527	46658528	SLC25A27	0.290030	+	1	GTEX,SRA,TCGA
ADGRF5_46854709	chr6	46854709	46854710	ADGRF5	0.016895	-	1	GTEX,SRA,TCGA
ADGRF5_46854714	chr6	46854714	46854715	ADGRF5	0.028105	-	1	GTEX,SRA,TCGA
RHAG_49617085	chr6	49617085	49617086	RHAG	0.156015	-	1	GTEX,SRA,TCGA
CRISP3_49730780	chr6	49730780	49730781	CRISP3	0.022393	-	1	GTEX,SRA,TCGA
TFAP2B_50821476	chr6	50821476	50821477	TFAP2B	0.183988	+	1	GTEX,SRA,TCGA
PKHD1_52069621	chr6	52069621	52069622	PKHD1	0.098726	-	1	GTEX,SRA,TCGA
ICK_53010184	chr6	53010184	53010185	ICK	0.141638	-	1	GTEX,SRA,TCGA
HCRTR2_55280538	chr6	55280538	55280539	HCRTR2	0.013414	+	1	GTEX,SRA,TCGA
RP1-240B8.3_61679500	chr6	61679500	61679501	RP1-240B8.3	0.049793	-	1	GTEX,SRA,TCGA
IMPG1_76022542	chr6	76022542	76022543	IMPG1	0.219616	-	1	SRA,TCGA
IBTK_82177052	chr6	82177052	82177053	IBTK	0.030149	-	1	GTEX,SRA,TCGA
TBX18_84756869	chr6	84756869	84756870	TBX18	0.170602	-	1	GTEX,SRA,TCGA
SYNCRIP_85642343	chr6	85642343	85642344	SYNCRIP	0.128544	-	1	GTEX,SRA,TCGA
MMS22L_97229576	chr6	97229576	97229577	MMS22L	0.236323	-	1	GTEX,SRA,TCGA
MCHR2_99943143	chr6	99943143	99943144	MCHR2	0.171940	-	1	GTEX,SRA,TCGA
SIM1_100449699	chr6	100449699	100449700	SIM1	0.252720	-	1	GTEX,SRA,TCGA
LIN28B_104957786	chr6	104957786	104957787	LIN28B	0.002893	+	1	GTEX,SRA,TCGA
BVES_105125578	chr6	105125578	105125579	BVES	0.039016	-	1	GTEX,SRA,TCGA
ROS1_117338694	chr6	117338694	117338695	ROS1	0.113719	-	1	GTEX,SRA,TCGA
SMPDL3A_122799256	chr6	122799256	122799257	SMPDL3A	0.189388	+	1	GTEX,SRA,TCGA
TRMT11_125986878	chr6	125986878	125986879	TRMT11	0.047594	+	1	GTEX,SRA,TCGA
ARHGAP18_129638946	chr6	129638946	129638947	ARHGAP18	0.335609	-	1	GTEX,SRA,TCGA
MED23_131614069	chr6	131614069	131614070	MED23	0.402171	-	1	GTEX,SRA,TCGA
MAP7_136361216	chr6	136361216	136361217	MAP7	0.016598	-	1	GTEX,SRA,TCGA
CCDC28A_138782517	chr6	138782517	138782518	CCDC28A	0.039826	+	1	GTEX,SRA,TCGA
STXBP5_147266105	chr6	147266105	147266106	STXBP5	0.136621	+	1	GTEX,SRA,TCGA
LATS1_149680666	chr6	149680666	149680667	LATS1	0.038259	-	1	GTEX,SRA,TCGA
NUP43_149728378	chr6	149728378	149728379	NUP43	0.095061	-	1	GTEX,SRA,TCGA
IYD_150390864	chr6	150390864	150390865	IYD	0.044802	+	1	GTEX,SRA,TCGA
SYNE1_152461855	chr6	152461855	152461856	SYNE1	0.437226	-	1	GTEX,SRA,TCGA
SYNJ2_158062220	chr6	158062220	158062221	SYNJ2	0.111981	+	1	GTEX,SRA,TCGA
SYTL3_158663624	chr6	158663624	158663625	SYTL3	0.129206	+	1	GTEX,SRA,TCGA
EZR_158786566	chr6	158786566	158786567	EZR	0.467276	-	1	GTEX,SRA,TCGA
MAP3K4_161098106	chr6	161098106	161098107	MAP3K4	0.002362	+	1	GTEX,SRA,TCGA
AFDN_167944246	chr6	167944246	167944247	AFDN	0.075987	+	1	GTEX,SRA,TCGA
KIF25_168042274	chr6	168042274	168042275	KIF25	0.297269	+	1	GTEX,SRA,TCGA
DACT2_168312160	chr6	168312160	168312161	DACT2	0.196832	-	1	GTEX,SRA,TCGA
DLL1_170285699	chr6	170285699	170285700	DLL1	0.027773	-	1	GTEX,SRA,TCGA
DNAAF5_783183	chr7	783183	783184	DNAAF5	0.128896	+	1	GTEX,SRA,TCGA
SUN1_841518	chr7	841518	841519	SUN1	0.135876	+	1	GTEX,SRA,TCGA
TNRC18_5315148	chr7	5315148	5315149	TNRC18	0.073458	-	1	GTEX,SRA,TCGA
ZNF12_6693656	chr7	6693656	6693657	ZNF12	0.282537	-	1	GTEX,SRA,TCGA
COL28A1_7535655	chr7	7535655	7535656	COL28A1	0.007171	-	1	GTEX,SRA,TCGA
SP8_20786386	chr7	20786386	20786387	SP8	0.426488	-	1	GTEX,SRA,TCGA
IGF2BP3_23313468	chr7	23313468	23313469	IGF2BP3	0.012018	-	1	GTEX,SRA,TCGA
TAX1BP1_27828510	chr7	27828510	27828511	TAX1BP1	0.153394	+	1	GTEX,SRA,TCGA
MINDY4_30853227	chr7	30853227	30853228	MINDY4	0.170193	+	1	GTEX,SRA,TCGA
GHRHR_30975775	chr7	30975775	30975776	GHRHR	0.071507	+	1	GTEX,SRA,TCGA
TBX20_35249568	chr7	35249568	35249569	TBX20	0.218353	-	1	GTEX,SRA,TCGA
TBX20_35249572	chr7	35249572	35249573	TBX20	0.361485	-	1	GTEX,SRA,TCGA
YAE1D1_39567409	chr7	39567409	39567410	YAE1D1	0.119752	+	1	GTEX,SRA,TCGA
TNS3_47415206	chr7	47415206	47415207	TNS3	0.204377	-	1	GTEX,SRA,TCGA
IKZF1_50394357	chr7	50394357	50394358	IKZF1	0.252000	+	1	GTEX,SRA,TCGA
SEC61G_54753029	chr7	54753029	54753030	SEC61G	0.139514	-	1	GTEX,SRA,TCGA
EGFR_55155828	chr7	55155828	55155829	EGFR	0.115017	+	1	GTEX,SRA,TCGA
SEPT14_55862592	chr7	55862592	55862593	SEPT14	0.081957	-	1	GTEX,SRA
RABGEF1_66796732	chr7	66796732	66796733	RABGEF1	0.092478	+	1	GTEX,SRA,TCGA
NSUN5_73304036	chr7	73304036	73304037	NSUN5	0.143504	-	1	GTEX,SRA,TCGA
BAZ1B_73449689	chr7	73449689	73449690	BAZ1B	0.190226	-	1	GTEX,SRA,TCGA
MLXIPL_73595969	chr7	73595969	73595970	MLXIPL	0.205971	-	1	GTEX,SRA,TCGA
SEMA3C_80794853	chr7	80794853	80794854	SEMA3C	0.050689	-	1	GTEX,SRA,TCGA
ABCB4_87418851	chr7	87418851	87418852	ABCB4	0.047157	-	1	GTEX,SRA,TCGA
CFAP69_90262210	chr7	90262210	90262211	CFAP69	0.080441	+	1	GTEX,SRA,TCGA
AKAP9_92045006	chr7	92045006	92045007	AKAP9	0.086822	+	1	GTEX,SRA,TCGA
CASD1_94523039	chr7	94523039	94523040	CASD1	0.327794	+	1	GTEX,SRA,TCGA
TECPR1_98236921	chr7	98236921	98236922	TECPR1	0.084101	-	1	GTEX,SRA,TCGA
GPC2_100171436	chr7	100171436	100171437	GPC2	0.183624	-	1	GTEX,SRA,TCGA
GPC2_100176365	chr7	100176365	100176366	GPC2	0.268482	-	1	GTEX,SRA,TCGA
ZAN_100767008	chr7	100767008	100767009	ZAN	0.223612	+	1	GTEX,SRA,TCGA
ZAN_100792548	chr7	100792548	100792549	ZAN	0.077028	+	1	GTEX,SRA,TCGA
SLC12A9_100861735	chr7	100861735	100861736	SLC12A9	0.105570	+	1	GTEX,SRA,TCGA
SERPINE1_101131873	chr7	101131873	101131874	SERPINE1	0.078499	+	1	GTEX,SRA,TCGA
CLDN15_101232720	chr7	101232720	101232721	CLDN15	0.112693	-	1	GTEX,SRA,TCGA
ARMC10_103083064	chr7	103083064	103083065	ARMC10	0.060003	+	1	GTEX,SRA,TCGA
NAPEPLD_103124552	chr7	103124552	103124553	NAPEPLD	0.039214	-	1	GTEX,SRA,TCGA
RELN_103489076	chr7	103489076	103489077	RELN	0.017166	-	1	GTEX,SRA,TCGA
KMT2E_105108661	chr7	105108661	105108662	KMT2E	0.042684	+	1	GTEX,SRA,TCGA
SLC26A4_107712491	chr7	107712491	107712492	SLC26A4	0.221940	+	1	GTEX,SRA,TCGA
SLC26A3_107788071	chr7	107788071	107788072	SLC26A3	0.137068	-	1	GTEX,SRA,TCGA
PNPLA8_108485693	chr7	108485693	108485694	PNPLA8	0.020868	-	1	GTEX,SRA,TCGA
IFRD1_112459616	chr7	112459616	112459617	IFRD1	0.116438	+	1	GTEX,SRA,TCGA
SLC13A1_123128946	chr7	123128946	123128947	SLC13A1	0.191489	-	1	GTEX,SRA,TCGA
AHCYL2_129410507	chr7	129410507	129410508	AHCYL2	0.182689	+	1	GTEX,SRA,TCGA
AGBL3_134986982	chr7	134986982	134986983	AGBL3	0.091630	+	1	GTEX,SRA,TCGA
SLC13A4_135706600	chr7	135706600	135706601	SLC13A4	0.529401	-	1	GTEX,SRA,TCGA
CREB3L2_137882082	chr7	137882082	137882083	CREB3L2	0.096106	-	1	GTEX,SRA,TCGA
ZC3HAV1L_139028614	chr7	139028614	139028615	ZC3HAV1L	0.051206	-	1	GTEX,SRA,TCGA
PARP12_140025582	chr7	140025582	140025583	PARP12	0.345827	-	1	GTEX,SRA,TCGA
PARP12_140038238	chr7	140038238	140038239	PARP12	0.235143	-	1	GTEX,SRA,TCGA
WEE2_141723132	chr7	141723132	141723133	WEE2	0.040580	+	1	GTEX,SRA,TCGA
ATP6V0E2_149874310	chr7	149874310	149874311	ATP6V0E2	0.040947	+	1	GTEX,SRA,TCGA
ZNF775_150396073	chr7	150396073	150396074	ZNF775	0.079332	+	1	GTEX,SRA,TCGA
ESYT2_158734252	chr7	158734252	158734253	ESYT2	0.272605	-	1	GTEX,SRA,TCGA
AGPAT5_6725156	chr8	6725156	6725157	AGPAT5	0.196943	+	1	GTEX,SRA
DEFB1_6877384	chr8	6877384	6877385	DEFB1	0.070973	-	1	GTEX,SRA,TCGA
ERI1_9009209	chr8	9009209	9009210	ERI1	0.054778	+	1	GTEX,SRA,TCGA
MTMR9_11306188	chr8	11306188	11306189	MTMR9	0.026295	+	1	GTEX,SRA,TCGA
ZDHHC2_17185044	chr8	17185044	17185045	ZDHHC2	0.011034	+	1	GTEX,SRA,TCGA
INTS10_19844484	chr8	19844484	19844485	INTS10	0.088560	+	1	GTEX,SRA,TCGA
EGR3_22692494	chr8	22692494	22692495	EGR3	0.390822	-	1	GTEX,SRA,TCGA
INTS9_28779645	chr8	28779645	28779646	INTS9	0.161621	-	1	GTEX,SRA,TCGA
DUSP26_33594161	chr8	33594161	33594162	DUSP26	0.115650	-	1	GTEX,SRA,TCGA
PROSC_37763212	chr8	37763212	37763213	PROSC	0.152626	+	1	GTEX,SRA,TCGA
ADGRA2_37840334	chr8	37840334	37840335	ADGRA2	0.163862	+	1	GTEX,SRA,TCGA
ADGRA2_37840345	chr8	37840345	37840346	ADGRA2	0.079868	+	1	GTEX,SRA,TCGA
GPAT4_41611699	chr8	41611699	41611700	GPAT4	0.060246	+	1	GTEX,SRA,TCGA
GPAT4_41611703	chr8	41611703	41611704	GPAT4	0.056844	+	1	GTEX,SRA,TCGA
TGS1_55798413	chr8	55798413	55798414	TGS1	0.028609	+	1	GTEX,SRA,TCGA
CHD7_60846588	chr8	60846588	60846589	CHD7	0.151993	+	1	GTEX,SRA,TCGA
ASPH_61646954	chr8	61646954	61646955	ASPH	0.144191	-	1	GTEX,SRA,TCGA
C8orf46_66512952	chr8	66512952	66512953	C8orf46	0.067419	+	1	GTEX,SRA,TCGA
MYBL1_66593704	chr8	66593704	66593705	MYBL1	0.020058	-	1	GTEX,SRA,TCGA
C8orf44_66677640	chr8	66677640	66677641	C8orf44	0.427903	+	1	GTEX,SRA,TCGA
PRDM14_70068911	chr8	70068911	70068912	PRDM14	0.483729	-	1	GTEX,SRA,TCGA
CA3_85440458	chr8	85440458	85440459	CA3	0.281909	+	1	GTEX,SRA,TCGA
KIAA1429_94540390	chr8	94540390	94540391	KIAA1429	0.024609	-	1	GTEX,SRA,TCGA
PKHD1L1_109489151	chr8	109489151	109489152	PKHD1L1	0.457868	+	1	GTEX,SRA,TCGA
ENPP2_119563013	chr8	119563013	119563014	ENPP2	0.454078	-	1	GTEX,SRA,TCGA
ENPP2_119616946	chr8	119616946	119616947	ENPP2	0.019547	-	1	GTEX,SRA,TCGA
TBC1D31_123141310	chr8	123141310	123141311	TBC1D31	0.056747	+	1	GTEX,SRA,TCGA
C8orf76_123235495	chr8	123235495	123235496	C8orf76	0.392319	-	1	GTEX,SRA,TCGA
FAM91A1_123788246	chr8	123788246	123788247	FAM91A1	0.049023	+	1	GTEX,SRA,TCGA
GSDMC_129748740	chr8	129748740	129748741	GSDMC	0.351392	-	1	GTEX,SRA,TCGA
FAM49B_129878715	chr8	129878715	129878716	FAM49B	0.087106	-	1	GTEX,SRA,TCGA
LRRC6_132660492	chr8	132660492	132660493	LRRC6	0.042647	-	1	GTEX,SRA,TCGA
FAM135B_138243335	chr8	138243335	138243336	FAM135B	0.219990	-	1	GTEX,SRA,TCGA
AGO2_140544091	chr8	140544091	140544092	AGO2	0.016897	-	1	GTEX,SRA,TCGA
OPLAH_144052076	chr8	144052076	144052077	OPLAH	0.093482	-	1	GTEX,SRA,TCGA
OPLAH_144056523	chr8	144056523	144056524	OPLAH	0.052010	-	1	GTEX,SRA,TCGA
WDR97_144115941	chr8	144115941	144115942	WDR97	0.194326	+	1	GTEX,SRA,TCGA
SLC39A4_144414896	chr8	144414896	144414897	SLC39A4	0.083060	-	1	GTEX,SRA,TCGA
UHRF2_6497107	chr9	6497107	6497108	UHRF2	0.096857	+	1	GTEX,SRA,TCGA
FREM1_14847179	chr9	14847179	14847180	FREM1	0.680632	-	1	GTEX,SRA,TCGA
DENND4C_19289289	chr9	19289289	19289290	DENND4C	0.040895	+	1	GTEX,SRA,TCGA
DENND4C_19323982	chr9	19323982	19323983	DENND4C	0.417651	+	1	GTEX,SRA,TCGA
ACER2_19450354	chr9	19450354	19450355	ACER2	0.156022	+	1	GTEX,SRA,TCGA
HACD4_21011695	chr9	21011695	21011696	HACD4	0.086588	-	1	GTEX,SRA,TCGA
HACD4_21031399	chr9	21031399	21031400	HACD4	0.096406	-	1	GTEX,SRA,TCGA
ELAVL2_23693201	chr9	23693201	23693202	ELAVL2	0.022346	-	1	GTEX,SRA,TCGA
EQTN_27291255	chr9	27291255	27291256	EQTN	0.101346	-	1	GTEX,SRA,TCGA
NOL6_33468009	chr9	33468009	33468010	NOL6	0.013693	-	1	GTEX,SRA,TCGA
C9orf24_34380336	chr9	34380336	34380337	C9orf24	0.360105	-	1	GTEX,SRA,TCGA
DNAJB5_34996031	chr9	34996031	34996032	DNAJB5	0.099599	+	1	GTEX,SRA,TCGA
RGP1_35750656	chr9	35750656	35750657	RGP1	0.077718	+	1	GTEX,SRA,TCGA
FAM221B_35825373	chr9	35825373	35825374	FAM221B	0.067131	-	1	GTEX,SRA,TCGA
TMEM8B_35834377	chr9	35834377	35834378	TMEM8B	0.020406	+	1	GTEX,SRA,TCGA
TMEM8B_35846467	chr9	35846467	35846468	TMEM8B	0.245671	+	1	GTEX,SRA,TCGA
RECK_36108610	chr9	36108610	36108611	RECK	0.337040	+	1	GTEX,SRA,TCGA
FRMPD1_37741351	chr9	37741351	37741352	FRMPD1	0.139394	+	1	GTEX,SRA,TCGA
DCAF10_37860799	chr9	37860799	37860800	DCAF10	0.050491	+	1	GTEX,SRA,TCGA
TMEM2_71700537	chr9	71700537	71700538	TMEM2	0.008907	-	1	GTEX,SRA,TCGA
TMEM2_71700541	chr9	71700541	71700542	TMEM2	0.029214	-	1	GTEX,SRA,TCGA
KIF27_83896831	chr9	83896831	83896832	KIF27	0.119006	-	1	GTEX,SRA,TCGA
KIF27_83898691	chr9	83898691	83898692	KIF27	0.067468	-	1	GTEX,SRA,TCGA
GOLM1_86032007	chr9	86032007	86032008	GOLM1	0.460692	-	1	GTEX,SRA,TCGA
ZCCHC6_86301739	chr9	86301739	86301740	ZCCHC6	0.011502	-	1	GTEX,SRA,TCGA
DAPK1_87684738	chr9	87684738	87684739	DAPK1	0.375854	+	1	GTEX,SRA,TCGA
SECISBP2_89354901	chr9	89354901	89354902	SECISBP2	0.088949	+	1	GTEX,SRA,TCGA
IARS_92245374	chr9	92245374	92245375	IARS	0.175985	-	1	GTEX,SRA,TCGA
SLC35D2_96361826	chr9	96361826	96361827	SLC35D2	0.021017	-	1	GTEX,SRA,TCGA
HABP4_96451012	chr9	96451012	96451013	HABP4	0.084709	+	1	GTEX,SRA,TCGA
TDRD7_97464840	chr9	97464840	97464841	TDRD7	0.086151	+	1	GTEX,SRA,TCGA
TDRD7_97468615	chr9	97468615	97468616	TDRD7	0.348925	+	1	GTEX,SRA,TCGA
TSTD2_97606342	chr9	97606342	97606343	TSTD2	0.201255	-	1	GTEX,SRA,TCGA
NCBP1_97658569	chr9	97658569	97658570	NCBP1	0.405955	+	1	GTEX,SRA,TCGA
XPA_97696097	chr9	97696097	97696098	XPA	0.020197	-	1	GTEX,SRA,TCGA
ANP32B_98007701	chr9	98007701	98007702	ANP32B	0.105379	+	1	GTEX,SRA,TCGA
ZNF189_101407304	chr9	101407304	101407305	ZNF189	0.030980	+	1	GTEX,SRA,TCGA
SLC44A1_105357254	chr9	105357254	105357255	SLC44A1	0.117590	+	1	GTEX,SRA,TCGA
ZNF462_107003292	chr9	107003292	107003293	ZNF462	0.161308	+	1	GTEX,SRA,TCGA
KLF4_107486406	chr9	107486406	107486407	KLF4	0.079997	-	1	GTEX,SRA,TCGA
IKBKAP_108882059	chr9	108882059	108882060	IKBKAP	0.298042	-	2	GTEX,SRA,TCGA
FAM206A_108934841	chr9	108934841	108934842	FAM206A	0.045172	+	1	GTEX,SRA,TCGA
CTNNAL1_108951779	chr9	108951779	108951780	CTNNAL1	0.006671	-	1	GTEX,SRA,TCGA
CTNNAL1_108978378	chr9	108978378	108978379	CTNNAL1	0.266305	-	1	GTEX,SRA,TCGA
PTPN3_109421233	chr9	109421233	109421234	PTPN3	0.362766	-	1	GTEX,SRA,TCGA
C9orf152_110204279	chr9	110204279	110204280	C9orf152	0.406761	-	1	GTEX,SRA,TCGA
TXNDC8_110337436	chr9	110337436	110337437	TXNDC8	0.041833	-	1	GTEX,SRA,TCGA
UGCG_111915839	chr9	111915839	111915840	UGCG	0.011170	+	1	GTEX,SRA,TCGA
C9orf43_113419505	chr9	113419505	113419506	C9orf43	0.262572	+	1	GTEX,SRA,TCGA
AMBP_114060270	chr9	114060270	114060271	AMBP	0.136905	-	1	GTEX,SRA,TCGA
ARPC5L_124870113	chr9	124870113	124870114	ARPC5L	0.213691	+	1	GTEX,SRA,TCGA
PPP6C_125152249	chr9	125152249	125152250	PPP6C	0.155636	-	1	GTEX,SRA,TCGA
RABEPK_125207287	chr9	125207287	125207288	RABEPK	0.128997	+	1	GTEX,SRA,TCGA
STXBP1_127668078	chr9	127668078	127668079	STXBP1	0.226753	+	1	GTEX,SRA,TCGA
CDK9_127787848	chr9	127787848	127787849	CDK9	0.000419	+	1	GTEX,SRA,TCGA
CIZ1_128185776	chr9	128185776	128185777	CIZ1	0.259763	-	1	GTEX,SRA,TCGA
GLE1_128505648	chr9	128505648	128505649	GLE1	0.043474	+	1	GTEX,SRA,TCGA
TOR1A_129821041	chr9	129821041	129821042	TOR1A	0.060610	-	1	GTEX,SRA,TCGA
ABL1_130879751	chr9	130879751	130879752	ABL1	0.451869	+	1	GTEX,SRA,TCGA
PRRC2B_131486540	chr9	131486540	131486541	PRRC2B	0.005968	+	1	GTEX,SRA,TCGA
RAPGEF1_131590460	chr9	131590460	131590461	RAPGEF1	0.203019	-	1	GTEX,SRA,TCGA
TTF1_132403390	chr9	132403390	132403391	TTF1	0.188167	-	1	GTEX,SRA,TCGA
GTF3C4_132682746	chr9	132682746	132682747	GTF3C4	0.199841	+	1	GTEX,SRA,TCGA
SURF2_133356912	chr9	133356912	133356913	SURF2	0.116974	+	1	GTEX,SRA,TCGA
ADAMTS13_133456067	chr9	133456067	133456068	ADAMTS13	0.056645	+	1	GTEX,SRA,TCGA
SARDH_133711348	chr9	133711348	133711349	SARDH	0.224212	-	1	GTEX,SRA,TCGA
BRD3_134050588	chr9	134050588	134050589	BRD3	0.103059	-	1	GTEX,SRA,TCGA
FCN1_134913359	chr9	134913359	134913360	FCN1	0.049785	-	1	GTEX,SRA,TCGA
SDCCAG3_136403655	chr9	136403655	136403656	SDCCAG3	0.186125	-	1	GTEX,SRA,TCGA
PMPCA_136410820	chr9	136410820	136410821	PMPCA	0.327663	+	1	GTEX,SRA,TCGA
EGFL7_136671319	chr9	136671319	136671320	EGFL7	0.227459	+	1	GTEX,SRA,TCGA
ENTPD8_137435714	chr9	137435714	137435715	ENTPD8	0.008313	-	1	GTEX,SRA,TCGA
ASMT_1633148	chrX	1633148	1633149	ASMT	0.014509	+	1	GTEX,SRA,TCGA
ARSD_2909979	chrX	2909979	2909980	ARSD	0.150865	-	1	GTEX,SRA,TCGA
ARSD_2925860	chrX	2925860	2925861	ARSD	0.056744	-	1	GTEX,SRA,TCGA
PNPLA4_7921880	chrX	7921880	7921881	PNPLA4	0.238842	-	1	GTEX,SRA,TCGA
WWC3_10120457	chrX	10120457	10120458	WWC3	0.208840	+	1	GTEX,SRA,TCGA
TXLNG_16840824	chrX	16840824	16840825	TXLNG	0.121280	+	1	GTEX,SRA,TCGA
PRDX4_23686050	chrX	23686050	23686051	PRDX4	0.246438	+	1	GTEX,SRA,TCGA
EIF2S3_24072560	chrX	24072560	24072561	EIF2S3	0.021486	+	1	GTEX,SRA,TCGA
RP2_46854294	chrX	46854294	46854295	RP2	0.114690	+	1	GTEX,SRA,TCGA
TBC1D25_48540915	chrX	48540915	48540916	TBC1D25	0.199018	+	1	GTEX,SRA,TCGA
GLOD5_48762043	chrX	48762043	48762044	GLOD5	0.026195	+	1	GTEX,SRA,TCGA
HDAC6_48814673	chrX	48814673	48814674	HDAC6	0.045488	+	1	GTEX,SRA,TCGA
HUWE1_53683369	chrX	53683369	53683370	HUWE1	0.042699	-	2	GTEX,SRA,TCGA
FAAH2_57290299	chrX	57290299	57290300	FAAH2	0.015911	+	1	GTEX,SRA,TCGA
TBX22_80025601	chrX	80025601	80025602	TBX22	0.190607	+	1	GTEX,SRA,TCGA
DIAPH2_96936499	chrX	96936499	96936500	DIAPH2	0.008569	+	1	GTEX,SRA,TCGA
SYTL4_100678115	chrX	100678115	100678116	SYTL4	0.005239	-	1	GTEX,SRA,TCGA
SYTL4_100679412	chrX	100679412	100679413	SYTL4	0.118457	-	1	GTEX,SRA,TCGA
DRP2_101251862	chrX	101251862	101251863	DRP2	0.066524	+	1	GTEX,SRA,TCGA
BHLHB9_102746296	chrX	102746296	102746297	BHLHB9	0.218142	+	1	GTEX,SRA,TCGA
RBM41_107118426	chrX	107118426	107118427	RBM41	0.145855	-	1	GTEX,SRA,TCGA
RBM41_107118430	chrX	107118430	107118431	RBM41	0.123265	-	1	GTEX,SRA,TCGA
COL4A6_108178845	chrX	108178845	108178846	COL4A6	0.098039	-	1	GTEX,SRA,TCGA
COL4A5_108674899	chrX	108674899	108674900	COL4A5	0.053591	+	1	GTEX,SRA,TCGA
CAPN6_111250651	chrX	111250651	111250652	CAPN6	0.014988	-	1	GTEX,SRA,TCGA
AMOT_112781868	chrX	112781868	112781869	AMOT	0.200632	-	1	GTEX,SRA,TCGA
XPNPEP2_129754470	chrX	129754470	129754471	XPNPEP2	0.083599	+	1	GTEX,SRA,TCGA
UTP14A_129920941	chrX	129920941	129920942	UTP14A	0.037603	+	1	GTEX,SRA,TCGA
FAM122B_134794043	chrX	134794043	134794044	FAM122B	0.188046	-	1	GTEX,SRA,TCGA
ARHGEF6_136675096	chrX	136675096	136675097	ARHGEF6	0.089853	-	1	GTEX,SRA,TCGA
ZNF185_152936517	chrX	152936517	152936518	ZNF185	0.095976	+	1	GTEX,SRA,TCGA
LL0XNC01-16G2.1_153321157	chrX	153321157	153321158	LL0XNC01-16G2.1	0.106865	-	1	GTEX,SRA,TCGA
HCFC1_153958249	chrX	153958249	153958250	HCFC1	0.255607	-	1	GTEX,SRA,TCGA
TEX28_154294907	chrX	154294907	154294908	TEX28	0.005325	-	1	GTEX,SRA
TKTL1_154321301	chrX	154321301	154321302	TKTL1	0.016560	+	1	GTEX,SRA,TCGA
SMIM9_154829664	chrX	154829664	154829665	SMIM9	0.182386	-	1	GTEX,SRA,TCGA
IL9R_156006016	chrX	156006016	156006017	IL9R	0.054948	+	1	GTEX,SRA,TCGA
USP9Y_12709026	chrY	12709026	12709027	USP9Y	0.046283	+	1	GTEX,SRA,TCGA
UTY_13304181	chrY	13304181	13304182	UTY	0.190237	-	1	GTEX,SRA,TCGA
UTY_13355637	chrY	13355637	13355638	UTY	0.110930	-	1	GTEX,SRA,TCGA
UTY_13356538	chrY	13356538	13356539	UTY	0.059537	-	1	GTEX,SRA,TCGA
EIF1AY_20576134	chrY	20576134	20576135	EIF1AY	0.117176	+	1	GTEX,SRA,TCGA
