site	SMTS	samples	samples_with_site	site_reads	reference_reads	pct
decoy	Adipose Tissue	1293	44	48	345201	0.013903009132539125
decoy	Adrenal Gland	274	9	11	60330	0.01822972771415787
decoy	Bladder	21	1	1	5749	0.017391304347826087
decoy	Blood	1047	35	41	248994	0.016463549300299155
decoy	Blood Vessel	1398	59	69	411449	0.01676718879854587
decoy	Bone Marrow	203	33	42	131852	0.03184375331705764
decoy	Brain	2930	53	61	461202	0.013224559524609604
decoy	Breast	482	16	18	129976	0.01384679292890441
decoy	Colon	822	32	36	203501	0.017687201835538503
decoy	Esophagus	1577	47	54	392566	0.013753756813203606
decoy	Heart	942	15	15	150518	0.00996459248138282
decoy	Kidney	98	3	4	18715	0.021368662855921792
decoy	Liver	251	12	12	29438	0.04074702886247878
decoy	Lung	655	31	37	196475	0.018828366715518643
decoy	Muscle	881	11	15	198060	0.007572889057175312
decoy	Nerve	659	33	40	173833	0.023005296969627255
decoy	Ovary	195	12	15	75206	0.019941239813349994
decoy	Pancreas	360	10	16	69993	0.022854204459426646
decoy	Pituitary	301	7	9	61798	0.014561457440095783
decoy	Prostate	263	9	11	62645	0.0175561797752809
decoy	Salivary Gland	178	4	4	45477	0.0087948813790374
decoy	Skin	1940	57	59	554910	0.010631224446770901
decoy	Small Intestine	193	11	15	54707	0.027411278827528234
decoy	Spleen	255	20	30	67844	0.044199546217992165
decoy	Stomach	384	13	14	79358	0.017638461926120043
decoy	Testis	410	116	188	147170	0.1275804503318449
decoy	Thyroid	706	31	36	226576	0.015886184315040686
decoy	Uterus	159	3	4	56945	0.0070238283376354285
decoy	Vagina	173	8	8	54055	0.01479755100530862
alt5ss	Adipose Tissue	1293	1293	184475	107946	63.08541452221284
alt5ss	Adrenal Gland	274	274	27275	22812	54.45524786870845
alt5ss	Bladder	21	21	2533	1878	57.424620267513035
alt5ss	Blood	1048	1045	113697	71999	61.22749009133207
alt5ss	Blood Vessel	1398	1396	173549	126490	57.84214718753229
alt5ss	Bone Marrow	203	203	59103	35554	62.439122304742384
alt5ss	Brain	2931	2927	153282	111169	57.96234463095242
alt5ss	Breast	482	482	74048	45369	62.00792182017636
alt5ss	Colon	822	822	90593	73490	55.21169164386317
alt5ss	Esophagus	1577	1577	176962	138933	56.01924690166036
alt5ss	Heart	942	942	64048	47240	57.5515778880023
alt5ss	Kidney	98	97	6680	5500	54.8440065681445
alt5ss	Liver	251	251	9060	10077	47.34284370591002
alt5ss	Lung	655	655	92204	60037	60.56449970770029
alt5ss	Muscle	881	881	58517	67956	46.26837348683118
alt5ss	Nerve	659	659	95340	54793	63.503693391859215
alt5ss	Ovary	195	195	40687	23316	63.570457634798366
alt5ss	Pancreas	360	360	35195	30699	53.41153974565211
alt5ss	Pituitary	301	301	26418	19642	57.35562310030395
alt5ss	Prostate	263	263	24248	19151	55.872255121085736
alt5ss	Salivary Gland	178	178	28670	21480	57.16849451645065
alt5ss	Skin	1940	1940	298948	190019	61.13868625081038
alt5ss	Small Intestine	193	193	32660	22754	58.93817446854585
alt5ss	Spleen	255	255	28059	19182	59.395440401346285
alt5ss	Stomach	384	384	38076	31075	55.062110453934146
alt5ss	Testis	410	410	41683	35412	54.067060120630394
alt5ss	Thyroid	706	706	105065	79187	57.02244751753034
alt5ss	Uterus	159	159	27792	18249	60.36358897504398
alt5ss	Vagina	173	173	24047	17889	57.34214040442579
