SMTS	samples	samples_with_decoy	decoy	canonical	decoy_per_10k
Testis	410	116	188	147155	12.75934384395594
Spleen	255	20	30	67834	4.420605917717788
Liver	251	12	12	29437	4.074841250976264
Bone Marrow	203	33	42	131848	3.1844719084085225
Small Intestine	193	11	15	54704	2.7412781666331623
Nerve	659	33	40	173824	2.300648782956794
Pancreas	360	10	16	69989	2.285551032069138
Kidney	98	3	4	18712	2.137208805300278
Ovary	195	12	15	75204	1.9941770031507997
Lung	655	31	37	196454	1.8830378999547053
Adrenal Gland	274	9	11	60329	1.8230029830957906
Colon	822	32	36	203488	1.7688331597256344
Stomach	384	13	14	79354	1.7639350871887916
Prostate	263	9	11	62642	1.7557020414026463
Bladder	21	1	1	5749	1.7391304347826086
Blood Vessel	1398	59	69	411422	1.6768288978373767
Blood	1047	35	41	248974	1.646487159408068
Thyroid	706	31	36	226556	1.5887586499082051
Vagina	173	8	8	54051	1.4798645923897964
Pituitary	301	7	9	61796	1.4561928646549631
Adipose Tissue	1293	44	48	345175	1.3904056218733978
Breast	482	16	18	129967	1.3847751663653498
Esophagus	1577	47	54	392531	1.3754982997312684
Brain	2930	53	61	461160	1.3225763787858749
Skin	1940	57	59	554853	1.063231647540511
Heart	942	15	15	150508	0.9965254479381889
Salivary Gland	178	4	4	45476	0.8795074758135444
Muscle	881	11	15	198037	0.7573768505241047
Uterus	159	3	4	56941	0.7024321713934498
