GENE	EVENT	chr	intron_start	intron_end	strand	intron_length	intron_class	n_decoys	n_cryptics	decoy_ids	cryptic_ids	psi_count_ge10	intron_gc
NPHP4	HsaINT0115255	chr1	5969260	5978269	-	9010	both	1	3	NPHP4_5977438	NPHP4_5973650;NPHP4_5976280;NPHP4_5977531	7	0.512985571587126
ESPN	HsaINT0058063	chr1	6441066	6444480	+	3415	both	1	1	ESPN_6444096	ESPN_6441290	63	0.571010248901903
SLC25A33	HsaINT1041870	chr1	9580235	9582298	+	2064	both	2	1	SLC25A33_9580341;SLC25A33_9580936	SLC25A33_9581154	7	0.456395348837209
UBE4B	HsaINT0176580	chr1	10158483	10161141	+	2659	both	1	1	UBE4B_10160220	UBE4B_10160130	19	0.449040992854457
VPS13D	HsaINT0180620	chr1	12234364	12242512	+	8149	both	1	2	VPS13D_12241949	VPS13D_12235190;VPS13D_12241000	17	0.435758988832986
VPS13D	HsaINT0180661	chr1	12383156	12385259	+	2104	both	1	1	VPS13D_12384125	VPS13D_12383930	2	0.40351711026616
PADI6	HsaINT1026064	chr1	17388881	17392113	+	3233	both	1	1	PADI6_17389222	PADI6_17391756	7	0.52366223321992
RCC2	HsaINT0138897	chr1	17425685	17429105	-	3421	both	1	1	RCC2_17429035	RCC2_17427718	25	0.528792750657703
USP48	HsaINT0179250	chr1	21690100	21695065	-	4966	both	1	2	USP48_21692151	USP48_21690350;USP48_21690355	25	0.424486508256142
SRSF10	HsaINT1042963	chr1	23972013	23974973	-	2961	both	1	1	SRSF10_23974468	SRSF10_23974480	2	0.451874366767984
MYOM3	HsaINT0109233	chr1	24076274	24080015	-	3742	both	1	1	MYOM3_24079856	MYOM3_24077200	16	0.485836451095671
MYOM3	HsaINT0109254	chr1	24095487	24097922	-	2436	both	1	2	MYOM3_24097705	MYOM3_24095628;MYOM3_24095678	12	0.555418719211823
SYF2	HsaINT0162446	chr1	25228236	25228997	-	762	both	1	1	SYF2_25228847	SYF2_25228367	2	0.401574803149606
TMEM50A	HsaINT0169185	chr1	25351694	25352881	+	1188	both	1	1	TMEM50A_25352719	TMEM50A_25352639	0	0.372895622895623
TMEM57	HsaINT0169230	chr1	25491585	25498263	+	6679	both	1	1	TMEM57_25491704	TMEM57_25498066	31	0.463392723461596
LDLRAP1	HsaINT0091237	chr1	25554973	25557152	+	2180	both	1	1	LDLRAP1_25556081	LDLRAP1_25556164	9	0.572935779816514
ZDHHC18	HsaINT0185192	chr1	26848758	26850300	+	1543	both	1	1	ZDHHC18_26849667	ZDHHC18_26850099	11	0.567077122488659
STX12	HsaINT0161266	chr1	27801816	27810245	+	8430	both	1	1	STX12_27805147	STX12_27804847	31	0.375800711743772
EPB41	HsaINT0056703	chr1	29033246	29035825	+	2580	both	1	1	EPB41_29035650	EPB41_29033447	3	0.348449612403101
COL16A1	HsaINT0038160	chr1	31700116	31702120	-	2005	both	1	1	COL16A1_31701386	COL16A1_31700758	3	0.554114713216958
SPOCD1	HsaINT1042853	chr1	31791253	31792214	-	962	both	1	1	SPOCD1_31791783	SPOCD1_31792085	86	0.533264033264033
KIAA0319L	HsaINT0085766	chr1	35435082	35441046	-	5965	both	1	4	KIAA0319L_35436543	KIAA0319L_35435730;KIAA0319L_35436755;KIAA0319L_35436915;KIAA0319L_35437223	59	0.511651299245599
THRAP3	HsaINT0166899	chr1	36292710	36293850	+	1141	both	1	1	THRAP3_36293558	THRAP3_36293345	2	0.417177914110429
CTPS1	HsaINT0042949	chr1	40991846	40995916	+	4071	both	1	1	CTPS1_40993285	CTPS1_40993713	22	0.423728813559322
PTPRF	HsaINT0134768	chr1	43592602	43597747	+	5146	both	2	2	PTPRF_43593637;PTPRF_43596935	PTPRF_43592866;PTPRF_43594409	24	0.547609794014769
MRPL37	HsaINT0105137	chr1	54200590	54205017	+	4428	both	1	1	MRPL37_54201236	MRPL37_54204828	3	0.443766937669377
ACOT11	HsaINT0002604	chr1	54602725	54603870	+	1146	both	1	1	ACOT11_54603080	ACOT11_54603584	1	0.533158813263525
DHCR24	HsaINT0047447	chr1	54865447	54871349	-	5903	both	1	1	DHCR24_54866965	DHCR24_54869949	5	0.473149246146028
USP24	HsaINT0178773	chr1	55086039	55089626	-	3588	both	1	1	USP24_55088290	USP24_55087876	85	0.407748049052397
TM2D1	HsaINT0167772	chr1	61701026	61709328	-	8303	both	1	1	TM2D1_61704804	TM2D1_61709059	4	0.411537998313862
IL12RB2	HsaINT0079894	chr1	67330811	67338623	+	7813	both	1	1	IL12RB2_67335869	IL12RB2_67331022	28	0.389351081530782
TTLL7	HsaINT0174804	chr1	83938017	83942462	-	4446	both	1	1	TTLL7_83939932	TTLL7_83938471	13	0.332658569500675
MCOLN2	HsaINT0100921	chr1	84931569	84937754	-	6186	both	1	1	MCOLN2_84936865	MCOLN2_84933096	75	0.403976721629486
TGFBR3	HsaINT0166398	chr1	91729974	91734775	-	4802	both	1	1	TGFBR3_91734467	TGFBR3_91734477	14	0.46688879633486
KIAA1324	HsaINT0086680	chr1	109189683	109191365	+	1683	both	1	2	KIAA1324_109190639	KIAA1324_109191138;KIAA1324_109191142	8	0.464646464646465
SORT1	HsaINT0156861	chr1	109327602	109336239	-	8638	both	1	3	SORT1_109329784	SORT1_109327847;SORT1_109327851;SORT1_109335215	13	0.396156517712433
GPR61	HsaINT0071688	chr1	109539954	109542421	+	2468	both	1	1	GPR61_109542131	GPR61_109540575	53	0.508103727714749
VANGL1	HsaINT0179829	chr1	115642087	115651276	+	9190	both	1	5	VANGL1_115644862	VANGL1_115643016;VANGL1_115644034;VANGL1_115648392;VANGL1_115649955;VANGL1_115650043	22	0.451686615886834
HMGCS2	HsaINT1015727	chr1	119759990	119764171	-	4182	both	1	1	HMGCS2_119763703	HMGCS2_119761426	5	0.354375896700144
ARNT	HsaINT1004506	chr1	150839655	150842423	-	2769	both	1	1	ARNT_150842242	ARNT_150840564	37	0.40122788010112
RIIAD1	HsaINT0022407	chr1	151722163	151727574	+	5412	both	1	1	RIIAD1_151724237	RIIAD1_151722912	28	0.456577974870658
PGLYRP3	HsaINT1026707	chr1	153299232	153302408	-	3177	both	1	1	PGLYRP3_153299639	PGLYRP3_153301498	10	0.436890147938307
INTS3	HsaINT0081268	chr1	153748756	153751094	+	2339	both	1	1	INTS3_153749363	INTS3_153749106	20	0.454895254382215
ARHGEF2	HsaINT0011987	chr1	155969301	155978364	-	9064	both	1	2	ARHGEF2_155975056	ARHGEF2_155972445;ARHGEF2_155976064	43	0.546226831421006
SMG5	HsaINT0155405	chr1	156272399	156273360	-	962	both	1	1	SMG5_156272920	SMG5_156272871	36	0.492723492723493
IQGAP3	HsaINT0081855	chr1	156544473	156548072	-	3600	both	1	1	IQGAP3_156545475	IQGAP3_156547042	33	0.489722222222222
PEAR1	HsaINT1026617	chr1	156893838	156902187	+	8350	both	1	1	PEAR1_156896567	PEAR1_156897476	38	0.570419161676647
PBX1	HsaINT0120858	chr1	164792739	164799698	+	6960	both	1	1	PBX1_164795330	PBX1_164796313	6	0.426149425287356
ADCY10	HsaINT0004551	chr1	167859894	167860870	-	977	both	1	2	ADCY10_167860180	ADCY10_167860453;ADCY10_167860755	20	0.420675537359263
SLC19A2	HsaINT0151177	chr1	169470187	169477154	-	6968	both	1	1	SLC19A2_169476414	SLC19A2_169476231	100	0.361222732491389
METTL11B	HsaINT1022838	chr1	170160694	170166501	+	5808	both	1	1	METTL11B_170162656	METTL11B_170161281	16	0.386191460055096
KIAA1614	HsaINT0087028	chr1	180913294	180916153	+	2860	both	1	1	KIAA1614_180915736	KIAA1614_180914880	33	0.495104895104895
PIK3C2B	HsaINT0124948	chr1	204450018	204454668	-	4651	both	1	1	PIK3C2B_204450853	PIK3C2B_204451485	85	0.508062782197377
NFASC	HsaINT1024811	chr1	204991307	204997169	+	5863	both	1	1	NFASC_204993798	NFASC_204992657	47	0.544601739723691
ELK4	HsaINT0055556	chr1	205623892	205631631	-	7740	both	1	1	ELK4_205630553	ELK4_205629571	60	0.432170542635659
INTS7	HsaINT0081333	chr1	211942112	211944783	-	2672	both	2	1	INTS7_211942822;INTS7_211944035	INTS7_211944295	66	0.389221556886228
INTS7	HsaINT0081331	chr1	211946706	211952568	-	5863	both	1	1	INTS7_211950278	INTS7_211946820	67	0.413610779464438
KCTD3	HsaINT0084886	chr1	215567769	215573785	+	6017	both	1	1	KCTD3_215570221	KCTD3_215573450	28	0.390892471331228
KCTD3	HsaINT0084901	chr1	215580000	215586494	+	6495	both	1	2	KCTD3_215585213	KCTD3_215584527;KCTD3_215585567	48	0.348883756735951
CDC42BPA	HsaINT0031659	chr1	227017051	227023262	-	6212	both	1	2	CDC42BPA_227018929	CDC42BPA_227019264;CDC42BPA_227021472	21	0.391017385705087
SNAP47	HsaINT0155753	chr1	227759486	227766958	+	7473	both	1	1	SNAP47_227762254	SNAP47_227761624	17	0.543155359293457
ABCB10	HsaINT0000939	chr1	229531732	229539455	-	7724	both	1	1	ABCB10_229538813	ABCB10_229536361	33	0.425686172967374
GALNT2	HsaINT0067485	chr1	230274565	230279302	+	4738	both	1	1	GALNT2_230276900	GALNT2_230277637	11	0.423807513718869
MTR	HsaINT0106443	chr1	236880837	236885120	+	4284	both	1	1	MTR_236881521	MTR_236883633	20	0.42250233426704
EXO1	HsaINT0058602	chr1	241853482	241857344	+	3863	both	1	2	EXO1_241854911	EXO1_241855013;EXO1_241855544	24	0.489257054103029
CNST	HsaINT0037368	chr1	246634588	246641748	+	7161	both	3	4	CNST_246637439;CNST_246638067;CNST_246640409	CNST_246636311;CNST_246636464;CNST_246637920;CNST_246638511	17	0.455243681050133
UPF2	HsaINT0178106	chr10	11921308	11929864	-	8557	both	1	2	UPF2_11926921	UPF2_11924131;UPF2_11928408	26	0.446418137197616
DCLRE1C	HsaINT0045527	chr10	14919833	14922980	-	3148	both	1	1	DCLRE1C_14921697	DCLRE1C_14921865	38	0.459339263024142
ANKRD26	HsaINT0008666	chr10	27082834	27086538	-	3705	both	1	1	ANKRD26_27083047	ANKRD26_27082993	39	0.366801619433198
ANKRD26	HsaINT0008638	chr10	27093800	27100084	-	6285	both	1	2	ANKRD26_27096108	ANKRD26_27096152;ANKRD26_27099485	34	0.423866348448687
CUL2	HsaINT0043344	chr10	35063063	35071198	-	8136	both	1	1	CUL2_35067847	CUL2_35069740	2	0.398475909537856
CXCL12	HsaINT0043675	chr10	44380881	44384944	-	4064	both	1	1	CXCL12_44382824	CXCL12_44382849	5	0.563484251968504
RBP3	HsaINT1029030	chr10	47351539	47353324	+	1786	both	1	1	RBP3_47351906	RBP3_47352968	12	0.543113101903695
JMJD1C	HsaINT0083762	chr10	63200678	63206594	-	5917	both	1	1	JMJD1C_63202128	JMJD1C_63206431	47	0.358965692073686
SLC29A3	HsaINT0152234	chr10	71344292	71351561	+	7270	both	1	1	SLC29A3_71344714	SLC29A3_71349082	21	0.530536451169188
CFAP70	HsaINT0174132	chr10	73335525	73341398	-	5874	both	1	1	CFAP70_73340085	CFAP70_73336207	43	0.458631256384065
CAMK2G	HsaINT0027081	chr10	73817555	73821681	-	4127	both	1	1	CAMK2G_73817961	CAMK2G_73819211	72	0.549551732493337
MINPP1	HsaINT0103075	chr10	87513222	87521035	+	7814	both	1	1	MINPP1_87514131	MINPP1_87514877	7	0.388917327873048
KIF20B	HsaINT0087796	chr10	89754674	89758705	+	4032	both	1	1	KIF20B_89755922	KIF20B_89755755	5	0.342757936507937
MMS19	HsaINT0104112	chr10	97469105	97469645	-	541	both	1	1	MMS19_97469448	MMS19_97469349	90	0.478743068391867
CNNM1	HsaINT0037163	chr10	99360976	99362226	+	1251	both	1	1	CNNM1_99362111	CNNM1_99362030	18	0.40687450039968
CHUK	HsaINT0035340	chr10	100226018	100229427	-	3410	both	1	1	CHUK_100227919	CHUK_100228844	10	0.419354838709677
CNNM2	HsaINT0037171	chr10	103049851	103054328	+	4478	both	1	1	CNNM2_103050793	CNNM2_103052816	6	0.462483251451541
TAF5	HsaINT0163496	chr10	103368549	103373357	+	4809	both	1	1	TAF5_103368599	TAF5_103368912	17	0.473487211478478
SH3PXD2A	HsaINT0149395	chr10	103613191	103617196	-	4006	both	1	1	SH3PXD2A_103616406	SH3PXD2A_103614129	12	0.518721917124314
XPNPEP1	HsaINT0183653	chr10	109865313	109868613	-	3301	both	1	1	XPNPEP1_109867528	XPNPEP1_109867758	9	0.493789760678582
GLRX3	HsaINT0069647	chr10	130136513	130145210	+	8698	both	1	1	GLRX3_130142418	GLRX3_130139174	1	0.451483099563118
CARS	HsaINT0027813	chr11	3012277	3015780	-	3504	both	1	1	CARS_3012690	CARS_3014404	12	0.518835616438356
NUP98	HsaINT1025502	chr11	3706628	3712563	-	5936	both	1	1	NUP98_3708374	NUP98_3710180	121	0.388814016172507
APBB1	HsaINT0010332	chr11	6396216	6400988	-	4773	both	1	1	APBB1_6397691	APBB1_6400773	32	0.464278231720092
IPO7	HsaINT0081580	chr11	9410087	9414254	+	4168	both	1	1	IPO7_9411084	IPO7_9410384	8	0.366842610364683
COPB1	HsaINT0039998	chr11	14474616	14475784	-	1169	both	1	1	COPB1_14475230	COPB1_14474877	1	0.377245508982036
SERGEF	HsaINT0147888	chr11	18008077	18012950	-	4874	both	1	1	SERGEF_18009052	SERGEF_18012191	50	0.468198604842019
MRGPRX3	HsaINT0105006	chr11	18132740	18137177	+	4438	both	1	1	MRGPRX3_18133993	MRGPRX3_18134376	12	0.421586300135196
UEVLD	HsaINT0177207	chr11	18558331	18564891	-	6561	both	1	2	UEVLD_18561471	UEVLD_18559122;UEVLD_18559842	6	0.432860844383478
NAV2-IT1	HsaINT1024501	chr11	19380595	19384619	+	4025	both	1	1	NAV2-IT1_19383696	NAV2-IT1_19382386	66	0.441739130434783
QSER1	HsaINT0135802	chr11	32958087	32966299	+	8213	both	1	1	QSER1_32966168	QSER1_32966173	6	0.391209058809205
KIAA1549L	HsaINT0019792	chr11	33661015	33667872	+	6858	both	1	1	KIAA1549L_33666873	KIAA1549L_33665690	33	0.47477398658501
CAPRIN1	HsaINT0027589	chr11	34071988	34076235	+	4248	both	1	1	CAPRIN1_34073928	CAPRIN1_34075705	0	0.380414312617702
APIP	HsaINT0010482	chr11	34890553	34895009	-	4457	both	1	1	APIP_34891916	APIP_34894129	54	0.344402064168723
MADD	HsaINT0098289	chr11	47315328	47323670	+	8343	both	1	1	MADD_47321990	MADD_47315636	22	0.444444444444444
AGBL2	HsaINT0005443	chr11	47705918	47710376	-	4459	both	1	1	AGBL2_47707240	AGBL2_47706203	33	0.465799506615833
UBE2L6	HsaINT0176378	chr11	57554624	57560336	-	5713	both	1	1	UBE2L6_57557234	UBE2L6_57558867	7	0.463329249081043
GLYATL1P3	HsaINT1014538	chr11	59087172	59093528	+	6357	both	1	2	GLYATL1P3_59088895	GLYATL1P3_59087272;GLYATL1P3_59088414	69	0.353311310366525
DDB1	HsaINT0045775	chr11	61310419	61311783	-	1365	both	1	1	DDB1_61311621	DDB1_61311467	3	0.454212454212454
INCENP	HsaINT0080730	chr11	62124164	62128150	+	3987	both	1	2	INCENP_62126513	INCENP_62125091;INCENP_62125181	6	0.496112365186857
SCGB2A1	HsaINT0145591	chr11	62208787	62210412	+	1626	both	1	1	SCGB2A1_62209465	SCGB2A1_62209307	4	0.499384993849939
SLC22A10	HsaINT0151283	chr11	63291644	63297302	+	5659	both	1	1	SLC22A10_63296306	SLC22A10_63296202	12	0.390174942569359
HRASLS2	HsaINT0077535	chr11	63558661	63560084	-	1424	both	1	1	HRASLS2_63559178	HRASLS2_63559835	24	0.491573033707865
HRASLS2	HsaINT0077534	chr11	63560194	63563315	-	3122	both	1	1	HRASLS2_63562615	HRASLS2_63560304	37	0.472133247918001
ESRRA	HsaINT1012778	chr11	64307505	64313950	+	6446	both	1	1	ESRRA_64312672	ESRRA_64313177	76	0.526838349363947
BATF2	HsaINT0016734	chr11	64989813	64994447	-	4635	both	1	1	BATF2_64993472	BATF2_64991969	35	0.506148867313916
C11orf80	HsaINT0019921	chr11	66814016	66816052	+	2037	both	1	1	C11orf80_66814692	C11orf80_66815064	59	0.420225822287678
CLPB	HsaINT0036573	chr11	72307255	72308526	-	1272	both	1	1	CLPB_72307701	CLPB_72307575	9	0.510220125786164
SLCO2B1	HsaINT0154376	chr11	75193576	75196513	+	2938	both	1	1	SLCO2B1_75193754	SLCO2B1_75194982	18	0.556501021102791
EMSY	HsaINT0019747	chr11	76539641	76542215	+	2575	both	1	1	EMSY_76539744	EMSY_76541878	121	0.349902912621359
CLNS1A	HsaINT0036529	chr11	77625819	77629762	-	3944	both	1	1	CLNS1A_77626020	CLNS1A_77627830	1	0.43052738336714
RSF1	HsaINT0143575	chr11	77693612	77698486	-	4875	both	1	1	RSF1_77694319	RSF1_77698008	28	0.34625641025641
MRE11	HsaINT0104985	chr11	94435900	94437176	-	1277	both	1	1	MRE11_94436879	MRE11_94436105	3	0.362568519968677
MRE11	HsaINT1023377	chr11	94479762	94485923	-	6162	both	1	1	MRE11_94485107	MRE11_94482399	5	0.383479389808504
CEP126	HsaINT0086745	chr11	101992843	101997598	+	4756	both	1	1	CEP126_101992911	CEP126_101994838	91	0.404331370899916
TTC12	HsaINT0174011	chr11	113341926	113344271	+	2346	both	1	1	TTC12_113344085	TTC12_113342901	34	0.414748508098892
DDX6	HsaINT0046462	chr11	118760045	118763211	-	3167	both	1	1	DDX6_118762484	DDX6_118760695	2	0.417113988001263
NLRX1	HsaINT0114124	chr11	119175275	119179692	+	4418	both	1	1	NLRX1_119177058	NLRX1_119175406	38	0.479176097781802
TP53AIP1	HsaINT1044920	chr11	128937895	128942793	-	4899	both	1	1	TP53AIP1_128941501	TP53AIP1_128942653	48	0.557664829557052
NFRKB	HsaINT0113221	chr11	129870262	129872883	-	2622	both	1	1	NFRKB_129871708	NFRKB_129871326	44	0.437070938215103
IGSF9B	HsaINT0079655	chr11	133937962	133944219	-	6258	both	1	5	IGSF9B_133939395	IGSF9B_133939735;IGSF9B_133940159;IGSF9B_133940202;IGSF9B_133940245;IGSF9B_133940286	46	0.506871204857782
NCAPD3	HsaINT0110856	chr11	134181185	134184636	-	3452	both	1	1	NCAPD3_134184403	NCAPD3_134184387	32	0.417149478563152
CLEC4C	HsaINT0036227	chr12	7741532	7746330	-	4799	both	1	1	CLEC4C_7743920	CLEC4C_7744057	9	0.44571785788706
PTPRO	HsaINT0134992	chr12	15508768	15515497	+	6730	both	1	1	PTPRO_15510441	PTPRO_15509201	12	0.398662704309064
STRAP	HsaINT1043266	chr12	15894144	15895358	+	1215	both	1	2	STRAP_15894728	STRAP_15894399;STRAP_15894746	5	0.364609053497942
DERA	HsaINT0047028	chr12	15959925	15962812	+	2888	both	1	1	DERA_15960813	DERA_15962062	9	0.39819944598338
SLC48A1	HsaINT0153293	chr12	47773441	47779027	+	5587	both	1	1	SLC48A1_47776046	SLC48A1_47776305	44	0.546089135493109
DIP2B	HsaINT0048117	chr12	50693014	50695266	+	2253	both	1	2	DIP2B_50695093	DIP2B_50693366;DIP2B_50693705	15	0.392809587217044
ATF7	HsaINT0013825	chr12	53537553	53543329	-	5777	both	1	1	ATF7_53538360	ATF7_53540929	133	0.43777046910161
PPM1H	HsaINT0130458	chr12	62689807	62693935	-	4129	both	1	1	PPM1H_62689982	PPM1H_62692023	21	0.449261322354081
GNS	HsaINT0070360	chr12	64729058	64737003	-	7946	both	2	1	GNS_64731670;GNS_64736673	GNS_64730288	9	0.427007299270073
SLC35E3	HsaINT0152641	chr12	68748041	68752031	+	3991	both	1	1	SLC35E3_68750692	SLC35E3_68749656	44	0.408669506389376
MRPL42	HsaINT0105176	chr12	93479473	93487496	+	8024	both	1	1	MRPL42_93480816	MRPL42_93482141	1	0.398055832502493
CEP83	HsaINT0029598	chr12	94400982	94403169	-	2188	both	1	1	CEP83_94402550	CEP83_94401458	105	0.363802559414991
HAL	HsaINT0074141	chr12	95992806	95993450	-	645	both	1	1	HAL_95993069	HAL_95992916	25	0.466666666666667
WASHC4	HsaINT0086382	chr12	105115729	105118445	+	2717	both	1	1	WASHC4_105116564	WASHC4_105118270	38	0.332351858667648
CKAP4	HsaINT0035605	chr12	106240350	106247368	-	7019	both	1	1	CKAP4_106242738	CKAP4_106244359	5	0.47314432255307
RFX4	HsaINT0139771	chr12	106711512	106715399	+	3888	both	1	1	RFX4_106713279	RFX4_106714207	63	0.415895061728395
GIT2	HsaINT0069201	chr12	109961686	109965525	-	3840	both	1	1	GIT2_109963757	GIT2_109962922	64	0.440885416666667
HECTD4	HsaINT0020218	chr12	112167918	112169502	-	1585	both	2	1	HECTD4_112168185;HECTD4_112168189	HECTD4_112168025	111	0.609463722397476
MED13L	HsaINT0101487	chr12	116015275	116019223	-	3949	both	1	1	MED13L_116018225	MED13L_116019150	12	0.342111927070144
RNFT2	HsaINT0141878	chr12	116750308	116753983	+	3676	both	1	3	RNFT2_116752586	RNFT2_116751192;RNFT2_116752401;RNFT2_116753449	7	0.447225244831338
SUDS3	HsaINT1043356	chr12	118403518	118411072	+	7555	both	1	2	SUDS3_118407176	SUDS3_118407505;SUDS3_118410199	17	0.423825281270682
TMEM120B	HsaINT0168328	chr12	121761739	121770906	+	9168	both	1	1	TMEM120B_121770638	TMEM120B_121763936	47	0.539703315881326
CLIP1	HsaINT0036366	chr12	122361182	122363982	-	2801	both	1	1	CLIP1_122361414	CLIP1_122363529	24	0.426633345233845
DENR	HsaINT1010919	chr12	122762930	122765303	+	2374	both	1	1	DENR_122764828	DENR_122763408	21	0.453664700926706
DDX55	HsaINT0046402	chr12	123602257	123605930	+	3674	both	1	1	DDX55_123602812	DDX55_123603253	115	0.484485574305934
SFSWAP	HsaINT0148745	chr12	131728429	131753122	+	24694	both	1	1	SFSWAP_131742397	SFSWAP_131746690	36	0.475581112820928
SFSWAP	HsaINT0148736	chr12	131778331	131786462	+	8132	both	1	1	SFSWAP_131779257	SFSWAP_131779173	40	0.443310378750615
PUS1	HsaINT0135295	chr12	131930136	131932174	+	2039	both	1	2	PUS1_131930614	PUS1_131930761;PUS1_131930963	68	0.514467876410005
XPO4	HsaINT0183734	chr13	20855766	20862716	-	6951	both	2	1	XPO4_20860594;XPO4_20860604	XPO4_20856697	65	0.395194935980435
SKA3	HsaINT1041634	chr13	21172682	21176374	-	3693	both	1	1	SKA3_21172871	SKA3_21176303	64	0.427294882209586
PARP4	HsaINT0120498	chr13	24478277	24484652	-	6376	both	1	1	PARP4_24479887	PARP4_24480121	14	0.444949811794228
PAN3	HsaINT0119996	chr13	28261459	28266714	+	5256	both	1	1	PAN3_28262502	PAN3_28264306	45	0.360920852359209
USPL1	HsaINT0179508	chr13	30653306	30657473	+	4168	both	1	1	USPL1_30656707	USPL1_30655662	22	0.363963531669866
RFC3	HsaINT0139598	chr13	33830018	33830718	+	701	both	1	1	RFC3_33830578	RFC3_33830594	4	0.316690442225392
SMAD9	HsaINT0154756	chr13	36872916	36879277	-	6362	both	1	1	SMAD9_36878663	SMAD9_36875693	13	0.387299591323483
RGCC	HsaINT0020365	chr13	41458471	41466822	+	8352	both	1	1	RGCC_41464816	RGCC_41465206	47	0.45617816091954
SUCLA2	HsaINT0161548	chr13	47997024	48001179	-	4156	both	1	1	SUCLA2_47998661	SUCLA2_48000607	8	0.414581328200193
ATP7B	HsaINT0015287	chr13	51970750	51973934	-	3185	both	1	1	ATP7B_51971073	ATP7B_51971612	8	0.448979591836735
DIAPH3	HsaINT0047992	chr13	59974457	59980794	-	6338	both	1	1	DIAPH3_59976243	DIAPH3_59974611	12	0.345534869043862
ABCC4	HsaINT0001279	chr13	95188543	95194835	-	6293	both	1	1	ABCC4_95194241	ABCC4_95192191	37	0.447640235181948
DZIP1	HsaINT0053455	chr13	95633322	95641294	-	7973	both	1	2	DZIP1_95637323	DZIP1_95633711;DZIP1_95634639	25	0.407876583469209
FARP1	HsaINT1013358	chr13	98435707	98438803	+	3097	both	1	1	FARP1_98437663	FARP1_98436701	65	0.491443332257023
DOCK9	HsaINT0051399	chr13	98888712	98897487	-	8776	both	1	2	DOCK9_98892715	DOCK9_98890356;DOCK9_98891309	4	0.410437556973564
MCF2L	HsaINT0100685	chr13	113089729	113094513	+	4785	both	1	1	MCF2L_113092961	MCF2L_113090468	86	0.610658307210031
ATP4B	HsaINT0014938	chr13	113654943	113658032	-	3090	both	1	1	ATP4B_113656008	ATP4B_113657968	23	0.621359223300971
GAS6	HsaINT0067853	chr13	113846590	113848025	-	1436	both	1	1	GAS6_113847877	GAS6_113846692	55	0.511838440111421
UPF3A	HsaINT1046042	chr13	114291793	114298839	+	7047	both	1	1	UPF3A_114292153	UPF3A_114292368	26	0.485738612175394
HNRNPC	HsaINT0076987	chr14	21234230	21269297	-	35068	both	1	1	HNRNPC_21240905	HNRNPC_21240865	52	0.397598950610243
TGM1	HsaINT0166433	chr14	24249542	24254151	-	4610	both	1	1	TGM1_24249665	TGM1_24250552	94	0.503904555314534
NID2	HsaINT0113493	chr14	52019295	52020058	-	764	both	1	1	NID2_52019660	NID2_52019441	14	0.494764397905759
SAMD4A	HsaINT0144792	chr14	54776541	54784536	+	7996	both	1	1	SAMD4A_54784135	SAMD4A_54783901	59	0.497123561780891
KIAA0586	HsaINT0086105	chr14	58474798	58477122	+	2325	both	1	1	KIAA0586_58475186	KIAA0586_58475197	35	0.387096774193548
DAAM1	HsaINT0044684	chr14	59340181	59347538	+	7358	both	1	2	DAAM1_59341472	DAAM1_59345714;DAAM1_59346701	47	0.397798314759446
SYNE2	HsaINT0162778	chr14	64134201	64137786	+	3586	both	1	1	SYNE2_64137056	SYNE2_64137611	3	0.41494701617401
FNTB	HsaINT0065503	chr14	65012390	65015624	+	3235	both	1	2	FNTB_65014444	FNTB_65012825;FNTB_65014483	34	0.453477588871716
FNTB	HsaINT0065507	chr14	65032697	65040789	+	8093	both	1	1	FNTB_65033123	FNTB_65037974	41	0.430001235635735
PLEKHH1	HsaINT0127439	chr14	67562895	67569137	+	6243	both	2	1	PLEKHH1_67563380;PLEKHH1_67568939	PLEKHH1_67567035	108	0.498638475092103
ACTN1	HsaINT0003174	chr14	68893748	68902476	-	8729	both	1	2	ACTN1_68898331	ACTN1_68893904;ACTN1_68896166	17	0.533050750372322
ELMSAN1	HsaINT0020745	chr14	73719502	73721296	-	1795	both	1	1	ELMSAN1_73719800	ELMSAN1_73720619	11	0.504735376044568
RPS6KA5	HsaINT1040585	chr14	90894584	90899328	-	4745	both	1	2	RPS6KA5_90897247	RPS6KA5_90897236;RPS6KA5_90897930	28	0.428451001053741
C14orf159	HsaINT1005608	chr14	91170202	91173288	+	3087	both	1	1	C14orf159_91170741	C14orf159_91171353	23	0.503725299643667
SLC24A4	HsaINT0151558	chr14	92449217	92453899	+	4683	both	1	1	SLC24A4_92452744	SLC24A4_92450111	59	0.556480888319453
HHIPL1	HsaINT0076007	chr14	99668304	99672316	+	4013	both	1	1	HHIPL1_99670906	HHIPL1_99672105	46	0.511587341141291
ZNF839	HsaINT0188526	chr14	102317667	102325984	+	8318	both	1	1	ZNF839_102325399	ZNF839_102318051	123	0.49867756672277
CDC42BPB	HsaINT0031675	chr14	102970262	102971918	-	1657	both	1	1	CDC42BPB_102971453	CDC42BPB_102971797	3	0.429088714544357
TUBGCP5	HsaINT1045711	chr15	23019335	23021958	-	2624	both	1	1	TUBGCP5_23019832	TUBGCP5_23019510	53	0.451219512195122
TUBGCP5	HsaINT1045709	chr15	23037153	23039397	-	2245	both	1	1	TUBGCP5_23037276	TUBGCP5_23037291	63	0.441870824053452
OCA2	HsaINT0117712	chr15	27951893	27955157	-	3265	both	1	1	OCA2_27954218	OCA2_27955105	10	0.489433384379786
OTUD7A	HsaINT0119048	chr15	31527309	31530706	-	3398	both	1	1	OTUD7A_31529944	OTUD7A_31529717	36	0.509711595055915
RYR3	HsaINT0144491	chr15	33785983	33788217	+	2235	both	1	1	RYR3_33786329	RYR3_33787139	26	0.412080536912752
AQR	HsaINT0010889	chr15	34863042	34867523	-	4482	both	1	1	AQR_34866807	AQR_34863238	17	0.336680053547523
C15orf41	HsaINT0020928	chr15	36645288	36654097	+	8810	both	1	1	C15orf41_36653919	C15orf41_36653694	21	0.377412031782066
PAK6	HsaINT0119824	chr15	40266496	40272223	+	5728	both	1	2	PAK6_40268293	PAK6_40271967;PAK6_40271983	14	0.566340782122905
MGA	HsaINT0102481	chr15	41740204	41748636	+	8433	both	1	1	MGA_41743552	MGA_41742425	89	0.395944503735326
UBR1	HsaINT0176728	chr15	43017182	43021274	-	4093	both	2	1	UBR1_43017926;UBR1_43019516	UBR1_43020747	29	0.423161495235768
TGM7	HsaINT1044165	chr15	43279952	43281843	-	1892	both	1	1	TGM7_43281085	TGM7_43281079	13	0.47938689217759
TP53BP1	HsaINT0171087	chr15	43470067	43474672	-	4606	both	1	1	TP53BP1_43470716	TP53BP1_43473783	36	0.43573599652627
WDR76	HsaINT0182621	chr15	43844055	43851086	+	7032	both	1	2	WDR76_43849812	WDR76_43850730;WDR76_43850735	15	0.423634812286689
CEP152	HsaINT0033584	chr15	48756554	48760134	-	3581	both	1	1	CEP152_48758383	CEP152_48757255	13	0.351857023177883
GABPB1	HsaINT1014083	chr15	50278785	50286067	-	7283	both	2	1	GABPB1_50284214;GABPB1_50284286	GABPB1_50279963	117	0.382671975834134
LEO1	HsaINT0091333	chr15	51954576	51958741	-	4166	both	2	1	LEO1_51955433;LEO1_51955902	LEO1_51957071	9	0.418867018722996
MYO5C	HsaINT0108847	chr15	52232686	52235669	-	2984	both	1	1	MYO5C_52235121	MYO5C_52234118	51	0.452747989276139
MYO5C	HsaINT0108836	chr15	52248784	52251389	-	2606	both	1	1	MYO5C_52249018	MYO5C_52249652	107	0.434765924788949
CGNL1	HsaINT0034276	chr15	57518498	57523488	+	4991	both	1	1	CGNL1_57523281	CGNL1_57519236	27	0.451212181927469
SMAD6	HsaINT0154746	chr15	66704076	66711667	+	7592	both	1	1	SMAD6_66709465	SMAD6_66711420	75	0.506981032665964
SMAD3	HsaINT0154719	chr15	67184865	67187364	+	2500	both	1	1	SMAD3_67185403	SMAD3_67186158	30	0.544
SNUPN	HsaINT0156172	chr15	75605228	75607215	-	1988	both	1	1	SNUPN_75606822	SNUPN_75605531	12	0.461770623742455
RCN2	HsaINT0138944	chr15	76935723	76943757	+	8035	both	1	2	RCN2_76936151	RCN2_76936167;RCN2_76937334	24	0.368388301182327
TBC1D2B	HsaINT0164196	chr15	78013318	78016545	-	3228	both	1	1	TBC1D2B_78016318	TBC1D2B_78015720	8	0.421313506815366
MESDC2	HsaINT0102053	chr15	80982183	80989578	-	7396	both	1	1	MESDC2_80982819	MESDC2_80989173	12	0.424553812871823
EFL1	HsaINT1012238	chr15	82230972	82238306	-	7335	both	1	1	EFL1_82231486	EFL1_82234969	36	0.354737559645535
PDE8A	HsaINT0122256	chr15	85067205	85075861	+	8657	both	1	1	PDE8A_85075719	PDE8A_85075538	19	0.434792653344115
NTRK3	HsaINT0116483	chr15	88128735	88135100	-	6366	both	1	1	NTRK3_88131890	NTRK3_88131090	3	0.437480364436067
MRPL46	HsaINT0105197	chr15	88465774	88467149	-	1376	both	1	1	MRPL46_88466103	MRPL46_88466061	10	0.407703488372093
TICRR	HsaINT0020951	chr15	89585943	89592046	+	6104	both	1	1	TICRR_89588286	TICRR_89589303	29	0.44937745740498
AP3S2	HsaINT0010214	chr15	89888633	89889048	-	416	both	1	1	AP3S2_89888961	AP3S2_89888816	13	0.447115384615385
ST8SIA2	HsaINT0159934	chr15	92434376	92438352	+	3977	both	1	1	ST8SIA2_92437750	ST8SIA2_92435080	18	0.493588131757606
CASKIN1	HsaINT0027966	chr16	2181930	2183645	-	1716	both	1	1	CASKIN1_2183260	CASKIN1_2183035	63	0.622377622377622
ABCA3	HsaINT0000647	chr16	2279131	2281026	-	1896	both	1	1	ABCA3_2280551	ABCA3_2280874	7	0.554852320675106
PDPK1	HsaINT0122614	chr16	2595851	2597122	+	1272	both	1	1	PDPK1_2596813	PDPK1_2596992	26	0.54559748427673
SLX4	HsaINT0154684	chr16	3602308	3606473	-	4166	both	2	1	SLX4_3602534;SLX4_3603483	SLX4_3606272	78	0.485837734037446
CLEC16A	HsaINT0036140	chr16	10979383	10982877	+	3495	both	1	1	CLEC16A_10981230	CLEC16A_10981325	22	0.458082975679542
TXNDC11	HsaINT0175662	chr16	11721671	11730644	-	8974	both	1	1	TXNDC11_11728400	TXNDC11_11725796	26	0.413862268776465
ABCC6	HsaINT0001327	chr16	16185035	16187123	-	2089	both	1	1	ABCC6_16186105	ABCC6_16185184	21	0.500718046912398
EEF2K	HsaINT0054149	chr16	22266877	22273625	+	6749	both	1	1	EEF2K_22272142	EEF2K_22267092	19	0.470143724996296
EEF2K	HsaINT0054150	chr16	22273751	22280197	+	6447	both	1	1	EEF2K_22278452	EEF2K_22278905	37	0.470761594540096
GTF3C1	HsaINT0073422	chr16	27478532	27481078	-	2547	both	1	1	GTF3C1_27478753	GTF3C1_27478655	40	0.426776599921476
GTF3C1	HsaINT0073419	chr16	27484354	27485996	-	1643	both	1	1	GTF3C1_27485012	GTF3C1_27484943	17	0.514303104077906
RABEP2	HsaINT0136360	chr16	28914783	28919785	-	5003	both	1	1	RABEP2_28917782	RABEP2_28915015	110	0.490705576654008
RP11-196G11.5	HsaINT1031638	chr16	31122599	31123789	+	1191	both	1	1	RP11-196G11.5_31123316	RP11-196G11.5_31122783	145	0.509655751469354
MYLK3	HsaINT0108129	chr16	46712777	46721122	-	8346	both	1	1	MYLK3_46719029	MYLK3_46720712	10	0.469326623532231
PHKB	HsaINT0124249	chr16	47666033	47669214	+	3182	both	1	1	PHKB_47666352	PHKB_47668651	21	0.426775612822124
LONP2	HsaINT0095474	chr16	48270275	48277337	+	7063	both	1	1	LONP2_48272707	LONP2_48276369	18	0.360894803907688
OGFOD1	HsaINT0118064	chr16	56453409	56458547	+	5139	both	1	1	OGFOD1_56453959	OGFOD1_56456021	13	0.403580463125122
DRC7	HsaINT0028991	chr16	57724836	57726067	+	1232	both	1	1	DRC7_57725364	DRC7_57724901	18	0.480519480519481
DUS2	HsaINT0052860	chr16	68049551	68053563	+	4013	both	1	1	DUS2_68051097	DUS2_68049990	14	0.436082731123847
DUS2	HsaINT0052851	chr16	68066637	68070133	+	3497	both	1	1	DUS2_68068146	DUS2_68070031	23	0.511581355447527
COG4	HsaINT1008036	chr16	70512433	70514334	-	1902	both	1	1	COG4_70513659	COG4_70512540	10	0.416929547844374
CMIP	HsaINT0036886	chr16	81652365	81657774	+	5410	both	2	1	CMIP_81654685;CMIP_81655637	CMIP_81652491	26	0.506284658040666
CMIP	HsaINT0036878	chr16	81699802	81701659	+	1858	both	1	1	CMIP_81701406	CMIP_81700983	16	0.583423035522067
OSGIN1	HsaINT0118813	chr16	83961073	83965061	+	3989	both	1	1	OSGIN1_83963960	OSGIN1_83962753	30	0.514163950864878
TLDC1	HsaINT0087023	chr16	84489423	84495682	-	6260	both	1	2	TLDC1_84493823	TLDC1_84491692;TLDC1_84494572	27	0.401757188498403
TLDC1	HsaINT0087022	chr16	84495914	84497933	-	2020	both	1	1	TLDC1_84496299	TLDC1_84496365	46	0.483168316831683
GSE1	HsaINT0085575	chr16	85648752	85654277	+	5526	both	3	2	GSE1_85648938;GSE1_85650708;GSE1_85652447	GSE1_85649611;GSE1_85653808	56	0.640427072023163
FBXO31	HsaINT0062872	chr16	87336265	87342876	-	6612	both	1	1	FBXO31_87341818	FBXO31_87339316	32	0.503176043557169
BANP	HsaINT1005059	chr16	87981128	87984059	+	2932	both	1	1	BANP_87982557	BANP_87983509	9	0.478171896316508
ACSF3	HsaINT0002863	chr16	89114488	89120800	+	6313	both	1	1	ACSF3_89116421	ACSF3_89116342	40	0.583716141295739
SPIRE2	HsaINT0158027	chr16	89860796	89863475	+	2680	both	1	1	SPIRE2_89861285	SPIRE2_89861770	109	0.568656716417911
GAS8	HsaINT0067874	chr16	90032925	90035632	+	2708	both	1	1	GAS8_90033773	GAS8_90035499	29	0.488552437223043
RPA1	HsaINT0142309	chr17	1891941	1895008	+	3068	both	1	1	RPA1_1894443	RPA1_1892776	3	0.412972620599739
SGSM2	HsaINT1041432	chr17	2337746	2343544	+	5799	both	1	1	SGSM2_2338128	SGSM2_2338566	29	0.513191929643042
ITGAE	HsaINT0082661	chr17	3714943	3716687	-	1745	both	1	1	ITGAE_3716335	ITGAE_3715080	1	0.47163323782235
MYBBP1A	HsaINT0107134	chr17	4550354	4551879	-	1526	both	1	1	MYBBP1A_4550737	MYBBP1A_4551263	13	0.566186107470511
TNFSF12	HsaINT0170122	chr17	7550979	7556777	+	5799	both	1	1	TNFSF12_7555505	TNFSF12_7554010	34	0.497327125366443
MPRIP	HsaINT1023331	chr17	17138076	17142626	+	4551	both	1	1	MPRIP_17138439	MPRIP_17139734	86	0.564491320588882
MPRIP	HsaINT1023320	chr17	17147388	17150143	+	2756	both	1	1	MPRIP_17148031	MPRIP_17147527	19	0.415457184325109
TOP3A	HsaINT0170941	chr17	18308942	18314598	-	5657	both	1	1	TOP3A_18314020	TOP3A_18314086	31	0.458723705144069
SLC5A10	HsaINT0153556	chr17	18952317	18958681	+	6365	both	1	2	SLC5A10_18952557	SLC5A10_18953294;SLC5A10_18957375	27	0.494893951296151
KSR1	HsaINT0089759	chr17	27603889	27604679	+	791	both	2	1	KSR1_27604248;KSR1_27604567	KSR1_27604260	35	0.5448798988622
SARM1	HsaINT1040884	chr17	28388540	28395904	+	7365	both	1	1	SARM1_28392823	SARM1_28393085	111	0.454446707399864
NT5C3B	HsaINT0116307	chr17	41828953	41830800	-	1848	both	1	1	NT5C3B_41829836	NT5C3B_41829955	1	0.471320346320346
STAT5B	HsaINT0160544	chr17	42227686	42231999	-	4314	both	1	1	STAT5B_42228713	STAT5B_42228476	6	0.418868799258229
ATP6V0A1	HsaINT0015065	chr17	42461012	42466428	+	5417	both	1	1	ATP6V0A1_42463529	ATP6V0A1_42465605	2	0.431788812996123
RUNDC1	HsaINT0143997	chr17	42981075	42987255	+	6181	both	1	1	RUNDC1_42985655	RUNDC1_42986412	81	0.464487946934153
C17orf53	HsaINT0021326	chr17	44155412	44157832	+	2421	both	1	1	C17orf53_44155925	C17orf53_44155796	59	0.487401900041305
XYLT2	HsaINT0184050	chr17	50346276	50353629	+	7354	both	1	2	XYLT2_50346933	XYLT2_50347830;XYLT2_50352018	75	0.556159912972532
ANKRD40	HsaINT0009050	chr17	50700717	50707520	-	6804	both	1	1	ANKRD40_50704721	ANKRD40_50706125	18	0.446502057613169
UTP18	HsaINT0179564	chr17	51280480	51285244	+	4765	both	1	1	UTP18_51282784	UTP18_51280995	19	0.407345225603358
DGKE	HsaINT0047264	chr17	56858666	56861790	+	3125	both	1	2	DGKE_56858855	DGKE_56861547;DGKE_56861660	27	0.3984
RNF43	HsaINT0141833	chr17	58360945	58362543	-	1599	both	1	1	RNF43_58361142	RNF43_58361284	43	0.453408380237649
INTS2	HsaINT0081224	chr17	61885006	61889785	-	4780	both	1	1	INTS2_61887926	INTS2_61886487	47	0.423849372384937
SMURF2	HsaINT0155653	chr17	64562967	64571797	-	8831	both	1	1	SMURF2_64564797	SMURF2_64570982	18	0.398709092967954
APOH	HsaINT0010662	chr17	66220743	66223697	-	2955	both	1	1	APOH_66221554	APOH_66223127	6	0.448054145516075
PSMD12	HsaINT1028334	chr17	67357579	67366411	-	8833	both	1	1	PSMD12_67360682	PSMD12_67360109	36	0.413675987773124
FAM104A	HsaINT0059460	chr17	73227265	73232085	-	4821	both	1	1	FAM104A_73230361	FAM104A_73229236	16	0.443061605476042
RECQL5	HsaINT1029106	chr17	75651266	75658297	-	7032	both	1	1	RECQL5_75658181	RECQL5_75652431	15	0.47098976109215
ITGB4	HsaINT0082894	chr17	75754816	75755700	+	885	both	1	1	ITGB4_75755567	ITGB4_75755532	39	0.635028248587571
MXRA7	HsaINT0107079	chr17	76680880	76685071	-	4192	both	1	1	MXRA7_76683949	MXRA7_76683262	6	0.577290076335878
USP36	HsaINT0179030	chr17	78803979	78806155	-	2177	both	1	1	USP36_78805518	USP36_78804517	36	0.484152503445108
WDR45B	HsaINT0182171	chr17	82644024	82648273	-	4250	both	1	1	WDR45B_82647521	WDR45B_82646810	12	0.516235294117647
TBCD	HsaINT0164436	chr17	82909308	82911757	+	2450	both	1	1	TBCD_82910295	TBCD_82910131	8	0.551020408163265
YES1	HsaINT0184160	chr18	739812	742917	-	3106	both	1	1	YES1_740045	YES1_740856	8	0.391500321957502
L3MBTL4	HsaINT0089984	chr18	6241450	6243293	-	1844	both	1	1	L3MBTL4_6242278	L3MBTL4_6241855	7	0.435466377440347
PIEZO2	HsaINT0060937	chr18	10705747	10714763	-	9017	both	1	2	PIEZO2_10707147	PIEZO2_10706091;PIEZO2_10706541	61	0.414882998780082
PRELID3A	HsaINT0154623	chr18	12421630	12427040	+	5411	both	1	1	PRELID3A_12423087	PRELID3A_12422662	26	0.497135464793938
SPIRE1	HsaINT0158020	chr18	12506642	12512453	-	5812	both	1	1	SPIRE1_12509822	SPIRE1_12509799	5	0.409669649002065
CEP192	HsaINT0033676	chr18	13001583	13008455	+	6873	both	2	1	CEP192_13005623;CEP192_13006196	CEP192_13007177	10	0.424123381347301
CEP192	HsaINT0033674	chr18	13071213	13072754	+	1542	both	1	1	CEP192_13072402	CEP192_13072563	25	0.377431906614786
CEP192	HsaINT0033685	chr18	13100513	13103508	+	2996	both	1	1	CEP192_13102973	CEP192_13101294	7	0.503337783711616
ANKRD30B	HsaINT1003731	chr18	14772229	14777984	+	5756	both	1	1	ANKRD30B_14777186	ANKRD30B_14774943	20	0.350590687977762
OSBPL1A	HsaINT0118600	chr18	24314348	24317148	-	2801	both	1	1	OSBPL1A_24314699	OSBPL1A_24315968	19	0.337379507318815
DTNA	HsaINT0052660	chr18	34806305	34811958	+	5654	both	1	2	DTNA_34809486	DTNA_34807606;DTNA_34807610	26	0.388574460558896
MOCOS	HsaINT0104221	chr18	36187682	36195256	+	7575	both	1	1	MOCOS_36188069	MOCOS_36191202	81	0.448712871287129
NEDD4L	HsaINT0112401	chr18	58391560	58396166	+	4607	both	1	1	NEDD4L_58392314	NEDD4L_58394247	6	0.454308660733666
PIGN	HsaINT0124795	chr18	62143347	62145908	-	2562	both	1	1	PIGN_62144840	PIGN_62145383	5	0.355971896955504
TMX3	HsaINT0169898	chr18	68691362	68697225	-	5864	both	1	1	TMX3_68691605	TMX3_68691693	46	0.431275579809004
RTTN	HsaINT0143888	chr18	70145784	70148900	-	3117	both	1	1	RTTN_70147720	RTTN_70146956	48	0.360923965351299
TIMM21	HsaINT0021625	chr18	74149110	74155144	+	6035	both	1	1	TIMM21_74151043	TIMM21_74154423	26	0.445070422535211
TIMM21	HsaINT0021627	chr18	74155404	74158013	+	2610	both	1	2	TIMM21_74155679	TIMM21_74155909;TIMM21_74156202	22	0.383141762452107
ATP9B	HsaINT0015530	chr18	79330105	79336627	+	6523	both	1	1	ATP9B_79334863	ATP9B_79335277	32	0.481833512187644
MED16	HsaINT0101551	chr19	877181	879936	-	2756	both	1	3	MED16_879848	MED16_878120;MED16_878890;MED16_879200	31	0.677793904208999
ARID3A	HsaINT0012246	chr19	960165	964247	+	4083	both	2	2	ARID3A_960238;ARID3A_961058	ARID3A_963240;ARID3A_963804	32	0.61547881459711
ZNF555	HsaINT0187626	chr19	2841576	2850586	+	9011	both	1	1	ZNF555_2841973	ZNF555_2843399	27	0.484518921318389
NFIC	HsaINT0113082	chr19	3456636	3462751	+	6116	both	1	2	NFIC_3459434	NFIC_3457506;NFIC_3459764	14	0.584041857423152
PIP5K1C	HsaINT0125410	chr19	3662002	3664821	-	2820	both	1	1	PIP5K1C_3663553	PIP5K1C_3663260	18	0.574113475177305
KDM4B	HsaINT0085121	chr19	5047670	5071009	+	23340	both	1	1	KDM4B_5051547	KDM4B_5049745	9	0.586289631533848
TMEM38A	HsaINT0169066	chr19	16680582	16682420	+	1839	both	1	1	TMEM38A_16681030	TMEM38A_16682177	83	0.476345840130506
CPAMD8	HsaINT1008274	chr19	17022182	17026550	-	4369	both	2	1	CPAMD8_17026243;CPAMD8_17026251	CPAMD8_17024408	22	0.500343327992676
HAUS8	HsaINT0074321	chr19	17052967	17055860	-	2894	both	1	1	HAUS8_17054108	HAUS8_17055694	42	0.518659295093296
CRTC1	HsaINT0041713	chr19	18760229	18765403	+	5175	both	1	1	CRTC1_18764113	CRTC1_18762069	53	0.610821256038647
MAU2	HsaINT0100317	chr19	19336188	19337169	+	982	both	1	1	MAU2_19336803	MAU2_19336985	31	0.467413441955194
DMKN	HsaINT1011258	chr19	35510253	35511410	-	1158	both	1	1	DMKN_35510595	DMKN_35510720	104	0.60880829015544
LRFN3	HsaINT0096077	chr19	35940841	35944547	+	3707	both	1	1	LRFN3_35942477	LRFN3_35944245	18	0.49662800107904
ZNF781	HsaINT0188382	chr19	37686523	37691520	-	4998	both	1	1	ZNF781_37689063	ZNF781_37689702	0	0.468387354941977
EIF3K	HsaINT0055165	chr19	38620436	38624076	+	3641	both	1	1	EIF3K_38622745	EIF3K_38623310	0	0.477341389728097
ACTN4	HsaINT0003231	chr19	38706132	38708116	+	1985	both	1	1	ACTN4_38707250	ACTN4_38707836	5	0.545088161209068
SIRT2	HsaINT1041626	chr19	38893868	38898378	-	4511	both	2	1	SIRT2_38895170;SIRT2_38895566	SIRT2_38894444	53	0.53801817778763
BLVRB	HsaINT0017928	chr19	40458546	40465609	-	7064	both	1	2	BLVRB_40462093	BLVRB_40459203;BLVRB_40460686	6	0.4980181200453
NUMBL	HsaINT0116765	chr19	40670021	40673343	-	3323	both	1	1	NUMBL_40672295	NUMBL_40672290	12	0.50827565452904
CEACAM6	HsaINT0032988	chr19	41762224	41766182	+	3959	both	1	1	CEACAM6_41763455	CEACAM6_41766032	9	0.442788582975499
CEACAM16	HsaINT1007114	chr19	44705869	44707860	+	1992	both	1	1	CEACAM16_44706129	CEACAM16_44706640	31	0.524598393574297
IGFL2	HsaINT1016242	chr19	46147912	46148824	+	913	both	1	1	IGFL2_46148301	IGFL2_46148707	30	0.487404162102957
CABP5	HsaINT0025901	chr19	48030583	48034214	-	3632	both	1	1	CABP5_48031661	CABP5_48033234	10	0.485132158590308
RUVBL2	HsaINT0144116	chr19	49007369	49009775	+	2407	both	1	1	RUVBL2_49007690	RUVBL2_49009608	1	0.482343165766514
PPFIA3	HsaINT0130110	chr19	49140089	49141419	+	1331	both	1	1	PPFIA3_49140238	PPFIA3_49140296	14	0.503380916604057
NR1H2	HsaINT0115533	chr19	50379880	50381965	+	2086	both	1	1	NR1H2_50381493	NR1H2_50380014	8	0.580057526366251
ZNF347	HsaINT0186989	chr19	53149368	53153732	-	4365	both	1	1	ZNF347_53149687	ZNF347_53150749	78	0.442153493699886
ZNF347	HsaINT1047417	chr19	53153794	53159008	-	5215	both	1	1	ZNF347_53157332	ZNF347_53157849	122	0.500287631831256
NLRP8	HsaINT1024989	chr19	55952613	55954500	+	1888	both	1	1	NLRP8_55953039	NLRP8_55952872	10	0.48146186440678
ZNF264	HsaINT0186633	chr19	57191947	57193874	+	1928	both	1	2	ZNF264_57192297	ZNF264_57193418;ZNF264_57193539	52	0.5
ZNF530	HsaINT0187547	chr19	57600135	57604276	+	4142	both	1	1	ZNF530_57601284	ZNF530_57602003	112	0.48768710767745
ZNF134	HsaINT0186199	chr19	57614504	57619411	+	4908	both	1	1	ZNF134_57615131	ZNF134_57616154	16	0.485126324368378
ZNF8	HsaINT0188433	chr19	58279148	58285716	+	6569	both	1	1	ZNF8_58285022	ZNF8_58285509	0	0.470543461714112
ALKAL2	HsaINT0060020	chr2	280153	283110	-	2958	both	2	1	ALKAL2_281390;ALKAL2_281396	ALKAL2_282510	93	0.45131845841785
TPO	HsaINT0171384	chr2	1433608	1436251	+	2644	both	1	1	TPO_1434858	TPO_1434245	13	0.417549167927383
TRAPPC12	HsaINT0174070	chr2	3460337	3465596	+	5260	both	1	3	TRAPPC12_3464527	TRAPPC12_3462244;TRAPPC12_3463658;TRAPPC12_3463943	32	0.523764258555133
RNF144A	HsaINT0141341	chr2	7024517	7030125	+	5609	both	1	1	RNF144A_7029597	RNF144A_7028299	22	0.4899269031913
GREB1	HsaINT0072184	chr2	11621008	11625153	+	4146	both	1	1	GREB1_11624256	GREB1_11624934	20	0.452243125904486
LPIN1	HsaINT0095808	chr2	11785077	11787073	+	1997	both	1	2	LPIN1_11786915	LPIN1_11786151;LPIN1_11786907	26	0.56634952428643
WDR35	HsaINT0182039	chr2	19982535	19989164	-	6630	both	1	2	WDR35_19985034	WDR35_19984301;WDR35_19986682	34	0.374962292609351
MATN3	HsaINT0100270	chr2	20006311	20012408	-	6098	both	2	1	MATN3_20008488;MATN3_20011961	MATN3_20009838	29	0.466546408658577
MFSD2B	HsaINT0102415	chr2	24010193	24013284	+	3092	both	1	1	MFSD2B_24010357	MFSD2B_24010928	58	0.543337645536869
HADHB	HsaINT0074100	chr2	26254475	26263379	+	8905	both	2	1	HADHB_26256457;HADHB_26258624	HADHB_26260440	20	0.425266704098821
PPP1CB	HsaINT0130531	chr2	28793998	28799198	+	5201	both	1	1	PPP1CB_28796937	PPP1CB_28797133	2	0.35935397039031
TTC27	HsaINT0174282	chr2	32634006	32640269	+	6264	both	1	1	TTC27_32634637	TTC27_32634960	0	0.419699872286079
TTC27	HsaINT0174286	chr2	32666769	32672271	+	5503	both	1	1	TTC27_32672169	TTC27_32672109	3	0.401599127748501
AC020594.5	HsaINT1001593	chr2	33555315	33563477	-	8163	both	1	1	AC020594.5_33558610	AC020594.5_33556621	123	0.424843807423741
RMDN2	HsaINT0061519	chr2	37991298	37997415	+	6118	both	1	1	RMDN2_37993589	RMDN2_37996574	38	0.354854527623406
MAP4K3	HsaINT0099363	chr2	39293269	39299742	-	6474	both	1	1	MAP4K3_39293750	MAP4K3_39293555	16	0.335341365461847
REL	HsaINT0139208	chr2	60891826	60894396	+	2571	both	1	1	REL_60894213	REL_60892170	33	0.354725787631272
DGUOK	HsaINT1010989	chr2	73950733	73957124	+	6392	both	1	1	DGUOK_73951450	DGUOK_73956861	12	0.456821026282854
SLC4A5	HsaINT0153447	chr2	74242053	74247035	-	4983	both	1	1	SLC4A5_74246608	SLC4A5_74242365	63	0.481637567730283
MRPS5	HsaINT0105349	chr2	95106458	95108174	-	1717	both	1	1	MRPS5_95107630	MRPS5_95107392	7	0.450786255096098
ANKRD36C	HsaINT1003772	chr2	95978190	95980647	-	2458	both	1	1	ANKRD36C_95980459	ANKRD36C_95979803	13	0.342148087876322
ASTL	HsaINT1004687	chr2	96124272	96129823	-	5552	both	1	2	ASTL_96126085	ASTL_96126730;ASTL_96128914	31	0.454250720461095
INPP4A	HsaINT0080895	chr2	98568669	98572814	+	4146	both	1	2	INPP4A_98571388	INPP4A_98571264;INPP4A_98571809	35	0.572358900144718
UNC50	HsaINT0177843	chr2	98610896	98616206	+	5311	both	1	2	UNC50_98614785	UNC50_98614313;UNC50_98614469	39	0.418565241950668
IL18RAP	HsaINT0080073	chr2	102445341	102447069	+	1729	both	1	1	IL18RAP_102446058	IL18RAP_102445850	14	0.423944476576056
CLASP1	HsaINT0035708	chr2	121451850	121457686	-	5837	both	1	1	CLASP1_121454400	CLASP1_121454411	6	0.407915024841528
NOSTRIN	HsaINT0114789	chr2	168843118	168851083	+	7966	both	1	1	NOSTRIN_168848110	NOSTRIN_168846950	47	0.409364800401707
MAP3K20	HsaINT0184421	chr2	173261138	173263744	+	2607	both	1	1	MAP3K20_173261503	MAP3K20_173262244	42	0.415036440352896
CHRNA1	HsaINT0035162	chr2	174759634	174764351	-	4718	both	1	1	CHRNA1_174760989	CHRNA1_174759834	16	0.42030521407376
EVX2	HsaINT1012819	chr2	176082450	176083349	-	900	both	1	1	EVX2_176082949	EVX2_176082723	7	0.564444444444444
STAT1	HsaINT0160441	chr2	191010005	191013524	-	3520	both	2	1	STAT1_191011600;STAT1_191013333	STAT1_191012907	19	0.423579545454546
MYO1B	HsaINT0108516	chr2	191341566	191346235	+	4670	both	1	1	MYO1B_191344930	MYO1B_191345967	13	0.418629550321199
DNAH7	HsaINT1011576	chr2	196019296	196024428	-	5133	both	1	2	DNAH7_196023538	DNAH7_196021696;DNAH7_196022017	24	0.379699980518215
ALS2CR12	HsaINT0007456	chr2	201307623	201309150	-	1528	both	1	1	ALS2CR12_201307770	ALS2CR12_201308385	25	0.43455497382199
CREB1	HsaINT0041274	chr2	207561161	207567462	+	6302	both	1	2	CREB1_207567293	CREB1_207561427;CREB1_207563367	13	0.355125357029514
XRCC5	HsaINT0183899	chr2	216141320	216148082	+	6763	both	1	1	XRCC5_216144338	XRCC5_216141480	0	0.402188377938785
TNS1	HsaINT0170669	chr2	217814999	217817689	-	2691	both	1	1	TNS1_217817024	TNS1_217815774	15	0.492753623188406
MOGAT1	HsaINT1023243	chr2	222689470	222694361	+	4892	both	1	1	MOGAT1_222693800	MOGAT1_222691567	31	0.431112019623876
GIGYF2	HsaINT0069046	chr2	232791447	232794747	+	3301	both	1	1	GIGYF2_232792270	GIGYF2_232794503	16	0.398667070584671
GIGYF2	HsaINT0069049	chr2	232806658	232809719	+	3062	both	1	1	GIGYF2_232808604	GIGYF2_232807781	42	0.394513389941215
HJURP	HsaINT0076343	chr2	233845821	233847396	-	1576	both	1	1	HJURP_233847218	HJURP_233846940	35	0.491116751269036
THAP4	HsaINT1044176	chr2	241634080	241636940	-	2861	both	1	1	THAP4_241636486	THAP4_241634696	0	0.52743795875568
ATG4B	HsaINT0014045	chr2	241668686	241670725	+	2040	both	1	1	ATG4B_241668984	ATG4B_241669861	81	0.56421568627451
ING5	HsaINT0080794	chr2	241702103	241704652	+	2550	both	1	1	ING5_241702328	ING5_241703882	46	0.616862745098039
C20orf194	HsaINT0022888	chr20	3376303	3381378	-	5076	both	1	1	C20orf194_3381022	C20orf194_3376764	8	0.432427107959023
NINL	HsaINT0113566	chr20	25458530	25461521	-	2992	both	1	2	NINL_25459181	NINL_25460528;NINL_25461100	34	0.60394385026738
NINL	HsaINT0113554	chr20	25491526	25496662	-	5137	both	2	1	NINL_25492951;NINL_25494429	NINL_25493208	21	0.552073194471481
NINL	HsaINT0113571	chr20	25505079	25510673	-	5595	both	1	1	NINL_25509388	NINL_25507362	53	0.501161751563896
NOL4L	HsaINT0022697	chr20	32474743	32483361	-	8619	both	1	1	NOL4L_32475032	NOL4L_32477081	33	0.576052906369649
MAPRE1	HsaINT0099819	chr20	32836842	32839734	+	2893	both	1	1	MAPRE1_32839200	MAPRE1_32839105	6	0.428620808848946
PXMP4	HsaINT0135515	chr20	33714737	33720094	-	5358	both	1	1	PXMP4_33715389	PXMP4_33718218	7	0.489734975737215
RPRD1B	HsaINT0142854	chr20	38034099	38040434	+	6336	both	1	1	RPRD1B_38035404	RPRD1B_38037533	54	0.42282196969697
ACTR5	HsaINT0003307	chr20	38750240	38752130	+	1891	both	1	1	ACTR5_38750392	ACTR5_38751275	39	0.418826017979905
TOP1	HsaINT0170857	chr20	41084569	41092471	+	7903	both	1	1	TOP1_41089341	TOP1_41085681	45	0.396305200556751
ADA	HsaINT0003427	chr20	44629170	44636226	-	7057	both	1	1	ADA_44634741	ADA_44632403	23	0.534929856879694
TOMM34	HsaINT0170800	chr20	44956486	44960206	-	3721	both	1	1	TOMM34_44957136	TOMM34_44959255	16	0.450954044611664
PREX1	HsaINT0131580	chr20	48681336	48688656	-	7321	both	1	1	PREX1_48684622	PREX1_48685135	5	0.524791695123617
NPEPL1	HsaINT0115152	chr20	58707201	58712478	+	5278	both	1	3	NPEPL1_58709502	NPEPL1_58709078;NPEPL1_58710675;RP11-261P9.4_58710675	19	0.585259568018189
CDH26	HsaINT0032159	chr20	60006788	60012526	+	5739	both	1	2	CDH26_60010035	CDH26_60010959;CDH26_60012133	32	0.519776964627984
USP16	HsaINT0178615	chr21	29050179	29053801	+	3623	both	1	1	USP16_29050430	USP16_29051930	30	0.431962462048027
SYNJ1	HsaINT0162821	chr21	32678802	32681495	-	2694	both	1	1	SYNJ1_32679815	SYNJ1_32681038	116	0.320341499628805
CHAF1B	HsaINT0034343	chr21	36402852	36408760	+	5909	both	1	1	CHAF1B_36408540	CHAF1B_36408557	18	0.441529869690303
C2CD2	HsaINT0023299	chr21	41914722	41918104	-	3383	both	1	1	C2CD2_41917481	C2CD2_41915014	6	0.49748743718593
ABCG1	HsaINT0001552	chr21	42285995	42287888	+	1894	both	1	1	ABCG1_42287591	ABCG1_42286714	18	0.550158394931362
PWP2	HsaINT0135418	chr21	44107435	44108983	+	1549	both	1	2	PWP2_44107859	PWP2_44107987;PWP2_44107996	6	0.617817947062621
SLC19A1	HsaINT0151171	chr21	45538009	45542367	-	4359	both	1	1	SLC19A1_45539254	SLC19A1_45540058	13	0.625831612755219
PCBP3	HsaINT0120945	chr21	45901114	45909354	+	8241	both	1	1	PCBP3_45905951	PCBP3_45902758	10	0.533915786919063
LSS	HsaINT0097453	chr21	46209626	46210687	-	1062	both	1	1	LSS_46209785	LSS_46209981	29	0.574387947269303
PCNT	HsaINT0121379	chr21	46402484	46411188	+	8705	both	2	4	PCNT_46404482;PCNT_46408561	PCNT_46402835;PCNT_46403587;PCNT_46410129;PCNT_46411018	24	0.445261344055141
BID	HsaINT0017681	chr22	17739489	17743802	-	4314	both	1	1	BID_17743126	BID_17742105	7	0.551923968474734
MICAL3	HsaINT0102877	chr22	17866013	17871836	-	5824	both	1	2	MICAL3_17870532	MICAL3_17868216;MICAL3_17868446	34	0.487637362637363
HIRA	HsaINT0076297	chr22	19398088	19405785	-	7698	both	1	1	HIRA_19405462	HIRA_19400719	38	0.437126526370486
KLHL22	HsaINT0088693	chr22	20458001	20464857	-	6857	both	1	2	KLHL22_20458565	KLHL22_20459419;KLHL22_20461679	14	0.490739390403967
HPS4	HsaINT0077437	chr22	26458578	26463916	-	5339	both	1	1	HPS4_26461631	HPS4_26461908	18	0.451957295373665
CRYBA4	HsaINT0041783	chr22	26623353	26625480	+	2128	both	1	1	CRYBA4_26625050	CRYBA4_26623674	15	0.475093984962406
THOC5	HsaINT0166835	chr22	29544604	29549051	-	4448	both	1	1	THOC5_29548954	THOC5_29547887	7	0.477742805755396
MTMR3	HsaINT0106269	chr22	29991671	29998760	+	7090	both	1	1	MTMR3_29994169	MTMR3_29995364	14	0.395768688293371
PIK3IP1	HsaINT1026938	chr22	31283289	31289314	-	6026	both	1	1	PIK3IP1_31288619	PIK3IP1_31284994	42	0.477763026883505
TOM1	HsaINT0170750	chr22	35323915	35327270	+	3356	both	1	2	TOM1_35325204	TOM1_35324036;TOM1_35327032	5	0.480333730631705
TRIOBP	HsaINT0172649	chr22	37701480	37710426	+	8947	both	1	1	TRIOBP_37709585	TRIOBP_37709325	53	0.529562982005141
TRIOBP	HsaINT0172664	chr22	37755660	37757612	+	1953	both	1	1	TRIOBP_37756638	TRIOBP_37755891	6	0.560675883256528
TRIOBP	HsaINT0172666	chr22	37759265	37765669	+	6405	both	1	2	TRIOBP_37763026	TRIOBP_37765485;TRIOBP_37765490	16	0.515846994535519
ANKRD54	HsaINT0009151	chr22	37833756	37838499	-	4744	both	1	1	ANKRD54_37833912	ANKRD54_37838206	56	0.484401349072513
MICALL1	HsaINT0102919	chr22	37927827	37931798	+	3972	both	1	1	MICALL1_37929632	MICALL1_37930552	13	0.566717019133938
POLR2F	HsaINT0129288	chr22	37959477	37967098	+	7622	both	1	1	POLR2F_37960080	POLR2F_37961203	0	0.498688008396746
GRAP2	HsaINT0072105	chr22	39968273	39969410	+	1138	both	1	1	GRAP2_39969294	GRAP2_39969167	53	0.488576449912127
TNRC6B	HsaINT0170625	chr22	40273601	40277076	+	3476	both	1	1	TNRC6B_40274376	TNRC6B_40276131	10	0.431242807825086
TNRC6B	HsaINT0170615	chr22	40312998	40315282	+	2285	both	1	1	TNRC6B_40313471	TNRC6B_40313709	11	0.377680525164114
POLR3H	HsaINT0129459	chr22	41532746	41540698	-	7953	both	1	1	POLR3H_41535009	POLR3H_41533248	61	0.522821576763486
TCF20	HsaINT1043864	chr22	42161359	42168608	-	7250	both	1	1	TCF20_42162996	TCF20_42161748	55	0.52648275862069
ARFGAP3	HsaINT1004291	chr22	42817858	42822269	-	4412	both	1	1	ARFGAP3_42821260	ARFGAP3_42820090	10	0.39596554850408
TTLL12	HsaINT0174687	chr22	43169569	43171818	-	2250	both	1	1	TTLL12_43171477	TTLL12_43171228	13	0.584444444444444
FAM118A	HsaINT1012985	chr22	45328064	45330602	+	2539	both	1	2	FAM118A_45329587	FAM118A_45328308;FAM118A_45330383	122	0.488381252461599
BRD1	HsaINT0018481	chr22	49787495	49794033	-	6539	both	1	2	BRD1_49788213	BRD1_49789140;BRD1_49791063	129	0.513534179538156
ALG12	HsaINT0006977	chr22	49910608	49913384	-	2777	both	1	1	ALG12_49911155	ALG12_49911770	12	0.564638098667627
CNTN6	HsaINT0037542	chr3	1402487	1403317	+	831	both	1	1	CNTN6_1402836	CNTN6_1403155	17	0.33453670276775
MTMR14	HsaINT1023697	chr3	9697867	9701789	+	3923	both	1	1	MTMR14_9698209	MTMR14_9698011	40	0.520010196278358
EMC3	HsaINT1012505	chr3	9977447	9986506	-	9060	both	1	1	EMC3_9985389	EMC3_9984623	10	0.440728476821192
IQSEC1	HsaINT0081887	chr3	12936698	12941570	-	4873	both	1	2	IQSEC1_12938959	IQSEC1_12938759;IQSEC1_12939650	6	0.561050687461523
CAPN7	HsaINT0027513	chr3	15206598	15212103	+	5506	both	1	1	CAPN7_15207239	CAPN7_15207373	9	0.3919360697421
ANKRD28	HsaINT1003709	chr3	15795307	15859376	-	64070	both	1	1	ANKRD28_15801395	ANKRD28_15855585	63	0.36603714687061
TBC1D5	HsaINT0164306	chr3	17161257	17166766	-	5510	both	1	1	TBC1D5_17163628	TBC1D5_17166259	27	0.4502722323049
SATB1	HsaINT0145097	chr3	18378326	18386398	-	8073	both	1	1	SATB1_18383208	SATB1_18381106	12	0.339279078409513
MLH1	HsaINT0103405	chr3	37042332	37047518	+	5187	both	2	2	MLH1_37045171;MLH1_37045365	MLH1_37044276;MLH1_37044706	99	0.391748602274918
CTDSPL	HsaINT0042728	chr3	37957144	37964570	+	7427	both	1	1	CTDSPL_37959025	CTDSPL_37964291	23	0.403527669314663
PLCD1	HsaINT0126763	chr3	38016720	38020187	-	3468	both	1	1	PLCD1_38017668	PLCD1_38018240	9	0.57843137254902
ABHD5	HsaINT0001701	chr3	43702588	43711708	+	9121	both	1	1	ABHD5_43704480	ABHD5_43706225	13	0.379454007236049
DHX30	HsaINT0047665	chr3	47805421	47810656	+	5236	both	1	1	DHX30_47810344	DHX30_47809700	38	0.463521772345302
SPINK8	HsaINT1042834	chr3	48319619	48321024	-	1406	both	1	1	SPINK8_48320744	SPINK8_48320422	26	0.491465149359886
SLC26A6	HsaINT1041924	chr3	48633636	48635370	-	1735	both	1	3	SLC26A6_48634730	SLC26A6_48634515;SLC26A6_48634620;SLC26A6_48634748	119	0.598270893371758
TRAIP	HsaINT0171807	chr3	49843929	49844540	-	612	both	1	1	TRAIP_49844182	TRAIP_49844340	89	0.547385620915033
NISCH	HsaINT1024901	chr3	52455154	52455605	+	452	both	1	1	NISCH_52455218	NISCH_52455419	109	0.670353982300885
PRICKLE2	HsaINT0131720	chr3	64157366	64159939	-	2574	both	1	2	PRICKLE2_64159207	PRICKLE2_64157851;PRICKLE2_64158384	61	0.461926961926962
ROBO2	HsaINT0142035	chr3	77558150	77562650	+	4501	both	1	2	ROBO2_77559364	ROBO2_77559359;ROBO2_77562356	2	0.355032215063319
ABHD10	HsaINT0001630	chr3	111981968	111986263	+	4296	both	1	2	ABHD10_111983464	ABHD10_111982656;ABHD10_111986076	35	0.346601489757914
QTRT2	HsaINT0135837	chr3	114057107	114065236	+	8130	both	1	1	QTRT2_114060283	QTRT2_114057653	50	0.380934809348094
ARHGAP31	HsaINT0011521	chr3	119383227	119390784	+	7558	both	1	1	ARHGAP31_119386771	ARHGAP31_119390076	9	0.423127811590368
PARP14	HsaINT0120451	chr3	122692544	122695425	+	2882	both	1	1	PARP14_122695098	PARP14_122695265	5	0.421582234559334
PARP14	HsaINT0120444	chr3	122714430	122718070	+	3641	both	1	1	PARP14_122716553	PARP14_122715874	2	0.420214226860753
PDIA5	HsaINT0122477	chr3	123116299	123124065	+	7767	both	1	2	PDIA5_123123570	PDIA5_123121414;PDIA5_123122709	15	0.483713145358568
UROC1	HsaINT0178306	chr3	126489376	126492417	-	3042	both	1	1	UROC1_126490056	UROC1_126489832	11	0.541748849441157
UROC1	HsaINT0178305	chr3	126492517	126496037	-	3521	both	1	1	UROC1_126495978	UROC1_126495014	11	0.528543027548992
IFT122	HsaINT0079049	chr3	129449938	129451913	+	1976	both	1	1	IFT122_129451626	IFT122_129450998	7	0.409412955465587
COL6A5	HsaINT0039563	chr3	130376837	130379417	+	2581	both	1	1	COL6A5_130378804	COL6A5_130379246	4	0.417667570709027
PCCB	HsaINT0121000	chr3	136327733	136328757	+	1025	both	1	1	PCCB_136327873	PCCB_136327961	3	0.497560975609756
IL20RB	HsaINT0080216	chr3	136992089	136995413	+	3325	both	1	1	IL20RB_136994591	IL20RB_136995115	28	0.429774436090226
ARMC8	HsaINT0012564	chr3	138229011	138235033	+	6023	both	1	1	ARMC8_138234537	ARMC8_138233187	5	0.375394321766562
DHX36	HsaINT0047750	chr3	154309824	154311635	-	1812	both	1	1	DHX36_154310479	DHX36_154309990	50	0.31401766004415
SLC2A2	HsaINT0152301	chr3	171014732	171018530	-	3799	both	1	1	SLC2A2_171016735	SLC2A2_171018406	28	0.415109239273493
ST6GAL1	HsaINT0159834	chr3	187043311	187051248	+	7938	both	2	1	ST6GAL1_187049682;ST6GAL1_187050938	ST6GAL1_187044324	8	0.427689594356261
BCL6	HsaINT1005110	chr3	187725079	187725498	-	420	both	1	4	BCL6_187725373	BCL6_187725191;BCL6_187725292;BCL6_187725309;BCL6_187725326	4	0.664285714285714
ATP13A3	HsaINT0014530	chr3	194419968	194425341	-	5374	both	1	2	ATP13A3_194425026	ATP13A3_194424927;ATP13A3_194424931	42	0.356345366579829
APOD	HsaINT0010652	chr3	195573972	195579338	-	5367	both	1	1	APOD_195575963	APOD_195579124	2	0.438233650083846
SLC51A	HsaINT0118876	chr3	196230062	196232418	+	2357	both	1	1	SLC51A_196231229	SLC51A_196232308	98	0.467967755621553
PIGG	HsaINT0124744	chr4	508971	515972	+	7002	both	1	1	PIGG_514881	PIGG_513996	45	0.449014567266495
LETM1	HsaINT0091426	chr4	1841798	1849148	-	7351	both	1	2	LETM1_1844348	LETM1_1843265;LETM1_1845224	12	0.502924772139845
FAM193A	HsaINT0060591	chr4	2690971	2693585	+	2615	both	1	1	FAM193A_2693381	FAM193A_2693160	35	0.469216061185469
ADD1	HsaINT0004759	chr4	2926113	2928170	+	2058	both	1	1	ADD1_2926991	ADD1_2927517	16	0.551020408163265
GRK4	HsaINT0072692	chr4	3019832	3022413	+	2582	both	1	1	GRK4_3021668	GRK4_3021931	42	0.467854376452363
LRPAP1	HsaINT0096579	chr4	3525052	3532208	-	7157	both	1	5	LRPAP1_3527544	LRPAP1_3525618;LRPAP1_3528618;LRPAP1_3530004;LRPAP1_3530057;LRPAP1_3531961	3	0.580969680033534
EVC2	HsaINT0058432	chr4	5694502	5697592	-	3091	both	1	2	EVC2_5696224	EVC2_5694733;EVC2_5696640	13	0.495308961501132
JAKMIP1	HsaINT1016943	chr4	6054149	6056696	-	2548	both	1	1	JAKMIP1_6055197	JAKMIP1_6054417	20	0.584772370486656
AFAP1	HsaINT0005092	chr4	7763792	7768843	-	5052	both	1	1	AFAP1_7767598	AFAP1_7765497	11	0.53978622327791
ACOX3	HsaINT0002707	chr4	8381608	8389172	-	7565	both	1	1	ACOX3_8388176	ACOX3_8388038	91	0.583608724388632
ARAP2	HsaINT0010971	chr4	36124968	36128532	-	3565	both	1	1	ARAP2_36125665	ARAP2_36125654	14	0.330995792426367
KLF3	HsaINT0088498	chr4	38689880	38694745	+	4866	both	1	1	KLF3_38694551	KLF3_38691022	74	0.3865598027127
RFC1	HsaINT0139568	chr4	39300415	39302277	-	1863	both	1	2	RFC1_39301912	RFC1_39300572;RFC1_39300578	3	0.406870638754697
UGDH	HsaINT0177257	chr4	39504509	39505236	-	728	both	1	1	UGDH_39504664	UGDH_39504656	1	0.387362637362637
NIPAL1	HsaINT0113598	chr4	48016886	48025067	+	8182	both	1	1	NIPAL1_48022633	NIPAL1_48017815	38	0.414201906624297
SDAD1	HsaINT0146304	chr4	75971459	75973316	-	1858	both	1	1	SDAD1_75972383	SDAD1_75972168	14	0.417115177610334
SEPT11	HsaINT0147720	chr4	77020671	77028628	+	7958	both	1	1	SEPT11_77028153	SEPT11_77027996	27	0.433902990701181
CNOT6L	HsaINT1007973	chr4	77720644	77726166	-	5523	both	1	1	CNOT6L_77723199	CNOT6L_77722044	19	0.368640231758103
ANXA3	HsaINT0009703	chr4	78582291	78586259	+	3969	both	1	1	ANXA3_78584822	ANXA3_78583837	7	0.417737465356513
THAP9	HsaINT0166626	chr4	82907936	82916943	+	9008	both	1	1	THAP9_82916623	THAP9_82911834	52	0.363898756660746
KLHL8	HsaINT0088819	chr4	87178621	87183202	-	4582	both	1	1	KLHL8_87181167	KLHL8_87178857	9	0.375818419903972
PKD2	HsaINT0125886	chr4	88046871	88051990	+	5120	both	1	1	PKD2_88051868	PKD2_88051880	58	0.3869140625
DNAJB14	HsaINT1011625	chr4	99906612	99908710	-	2099	both	1	1	DNAJB14_99908419	DNAJB14_99907408	7	0.32444020962363
PPP3CA	HsaINT0130953	chr4	101032365	101040481	-	8117	both	1	1	PPP3CA_101033922	PPP3CA_101035005	0	0.382653689786867
UBE2D3	HsaINT1045842	chr4	102799501	102801453	-	1953	both	1	1	UBE2D3_102801256	UBE2D3_102800859	0	0.332309267793139
AP1AR	HsaINT0009914	chr4	112257798	112260765	+	2968	both	1	1	AP1AR_112260192	AP1AR_112260494	12	0.362870619946092
ALPK1	HsaINT0007312	chr4	112432582	112435147	+	2566	both	1	1	ALPK1_112433275	ALPK1_112434123	47	0.408417770849571
ANK2	HsaINT0008118	chr4	113373450	113381456	+	8007	both	1	1	ANK2_113376328	ANK2_113378885	25	0.365430248532534
TRPC3	HsaINT1045298	chr4	121925207	121932270	-	7064	both	1	1	TRPC3_121927023	TRPC3_121930523	12	0.369337485843715
SLC25A31	HsaINT0151814	chr4	127768878	127773385	+	4508	both	1	1	SLC25A31_127772694	SLC25A31_127769484	17	0.369121561668146
ZNF827	HsaINT0188485	chr4	145765739	145774505	-	8767	both	1	1	ZNF827_145769721	ZNF827_145765906	12	0.39922436409262
PRMT9	HsaINT1028056	chr4	147661039	147668538	-	7500	both	1	2	PRMT9_147666765	PRMT9_147664181;PRMT9_147667629	25	0.378133333333333
PRMT9	HsaINT0132301	chr4	147673875	147680322	-	6448	both	1	2	PRMT9_147674845	PRMT9_147677567;PRMT9_147679602	60	0.395316377171216
DCLK2	HsaINT0045492	chr4	150240477	150247602	+	7126	both	1	1	DCLK2_150241031	DCLK2_150240537	51	0.41874824586023
KIAA0922	HsaINT0086291	chr4	153612401	153620755	+	8355	both	1	1	KIAA0922_153617649	KIAA0922_153613395	14	0.393297426690604
TMEM144	HsaINT0168501	chr4	158244350	158253443	+	9094	both	1	1	TMEM144_158244699	TMEM144_158245403	25	0.384759181878161
RWDD4	HsaINT1040753	chr4	183646538	183649450	-	2913	both	1	1	RWDD4_183647351	RWDD4_183647960	3	0.37178166838311
TRAPPC11	HsaINT0024157	chr4	183701809	183704978	+	3170	both	1	1	TRAPPC11_183702514	TRAPPC11_183703664	25	0.391482649842271
SDHA	HsaINT1041098	chr5	254507	256333	+	1827	both	1	1	SDHA_255098	SDHA_254770	37	0.47400109469075
CEP72	HsaINT0033905	chr5	640605	644298	+	3694	both	1	2	CEP72_643668	CEP72_640994;CEP72_642701	106	0.594477531131565
PAPD7	HsaINT0120084	chr5	6751198	6752872	+	1675	both	1	1	PAPD7_6752363	PAPD7_6752551	63	0.463880597014925
RAI14	HsaINT0136860	chr5	34803777	34807799	+	4023	both	1	1	RAI14_34806481	RAI14_34804079	15	0.451155853840418
NNT	HsaINT0114279	chr5	43619120	43624031	+	4912	both	1	1	NNT_43621807	NNT_43622027	23	0.401872964169381
SLC38A9	HsaINT0152935	chr5	55645896	55649206	-	3311	both	1	1	SLC38A9_55647223	SLC38A9_55646956	8	0.355481727574751
ZSWIM6	HsaINT0188890	chr5	61521443	61525799	+	4357	both	1	1	ZSWIM6_61525146	ZSWIM6_61524880	39	0.366307092035804
GFM2	HsaINT0068700	chr5	74751494	74758848	-	7355	both	1	1	GFM2_74757860	GFM2_74758324	24	0.36288239292998
POC5	HsaINT0128705	chr5	75689166	75690382	-	1217	both	1	1	POC5_75689327	POC5_75689285	23	0.32949876746097
PAPD4	HsaINT1026118	chr5	79613076	79619611	+	6536	both	1	1	PAPD4_79613246	PAPD4_79616702	59	0.371328029375765
CKMT2	HsaINT0035696	chr5	81263617	81266138	+	2522	both	1	1	CKMT2_81264284	CKMT2_81264474	91	0.352101506740682
KIAA0825	HsaINT0024315	chr5	94396510	94403568	-	7059	both	1	1	KIAA0825_94397259	KIAA0825_94403097	33	0.340841478963026
MAN2A1	HsaINT0098724	chr5	109847791	109855139	+	7349	both	1	1	MAN2A1_109848370	MAN2A1_109851607	40	0.363314736698871
DCP2	HsaINT0045578	chr5	113008043	113010755	+	2713	both	1	1	DCP2_113008621	DCP2_113008558	39	0.357537781054184
GRAMD3	HsaINT0072069	chr5	126472305	126473264	+	960	both	1	1	GRAMD3_126472701	GRAMD3_126473140	32	0.415625
PHAX	HsaINT0123775	chr5	126604184	126608363	+	4180	both	1	1	PHAX_126606974	PHAX_126604406	3	0.417224880382775
RAD50	HsaINT0136602	chr5	132595811	132603299	+	7489	both	1	1	RAD50_132598776	RAD50_132597597	1	0.3997863533182
RAD50	HsaINT0136613	chr5	132638224	132640671	+	2448	both	1	1	RAD50_132640115	RAD50_132638886	26	0.419117647058824
DDX46	HsaINT0046296	chr5	134819005	134826946	+	7942	both	1	1	DDX46_134823488	DDX46_134823952	5	0.411735079325107
H2AFY	HsaINT0073965	chr5	135335142	135343259	-	8118	both	1	1	H2AFY_135342517	H2AFY_135342715	12	0.525622074402562
SMAD5	HsaINT0154742	chr5	136163392	136172433	+	9042	both	1	1	SMAD5_136164289	SMAD5_136165963	24	0.361424463614245
LARS	HsaINT0090740	chr5	146149700	146151861	-	2162	both	1	1	LARS_146150019	LARS_146149969	3	0.375578168362627
ABLIM3	HsaINT0001865	chr5	149245016	149246481	+	1466	both	1	2	ABLIM3_149245504	ABLIM3_149245541;ABLIM3_149246230	14	0.471350613915416
PPARGC1B	HsaINT0129976	chr5	149820607	149826672	+	6066	both	1	2	PPARGC1B_149826371	PPARGC1B_149825562;PPARGC1B_149825682	29	0.514342235410485
SLC36A1	HsaINT0152690	chr5	151458936	151463552	+	4617	both	1	1	SLC36A1_151461495	SLC36A1_151463398	7	0.431882174572233
SLC36A1	HsaINT0152689	chr5	151479490	151487982	+	8493	both	1	2	SLC36A1_151486385	SLC36A1_151481473;SLC36A1_151484181	47	0.439185211350524
CYFIP2	HsaINT0044023	chr5	157360373	157361467	+	1095	both	1	1	CYFIP2_157361335	CYFIP2_157360621	14	0.471232876712329
SIMC1	HsaINT0024267	chr5	176322426	176324628	+	2203	both	1	1	SIMC1_176324441	SIMC1_176322888	58	0.43213799364503
TSPAN17	HsaINT0173785	chr5	176647703	176651615	+	3913	both	1	1	TSPAN17_176648086	TSPAN17_176650747	6	0.59238435982622
TSPAN17	HsaINT0173787	chr5	176651901	176652742	+	842	both	1	1	TSPAN17_176652059	TSPAN17_176652555	16	0.522565320665083
ADAMTS2	HsaINT0004103	chr5	179344162	179345189	-	1028	both	1	2	ADAMTS2_179344511	ADAMTS2_179344566;ADAMTS2_179344615	9	0.743190661478599
ZFP62	HsaINT1047201	chr5	180852061	180861218	-	9158	both	1	1	ZFP62_180860039	ZFP62_180856137	95	0.434811094125355
WRNIP1	HsaINT0183289	chr6	2779493	2783405	+	3913	both	1	1	WRNIP1_2781840	WRNIP1_2780397	89	0.480194224380271
TXNDC5	HsaINT0175720	chr6	7904724	7910513	-	5790	both	2	1	TXNDC5_7907771;TXNDC5_7909722	TXNDC5_7908157	9	0.498791018998273
SLC35B3	HsaINT0152573	chr6	8428059	8429863	-	1805	both	1	1	SLC35B3_8428680	SLC35B3_8428974	106	0.281994459833795
HIVEP1	HsaINT0076314	chr6	12015669	12089183	+	73515	both	1	1	HIVEP1_12062671	HIVEP1_12080424	48	0.390450928381963
RANBP9	HsaINT0137196	chr6	13625765	13632369	-	6605	both	1	1	RANBP9_13626660	RANBP9_13629474	17	0.373656320968963
ATXN1	HsaINT0015731	chr6	16754092	16761297	-	7206	both	1	1	ATXN1_16760033	ATXN1_16758648	73	0.437552039966694
GMNN	HsaINT0069925	chr6	24775245	24777221	+	1977	both	1	1	GMNN_24775296	GMNN_24776492	44	0.475467880627213
SLC17A3	HsaINT0151065	chr6	25850878	25855143	-	4266	both	1	1	SLC17A3_25854826	SLC17A3_25855089	14	0.340600093764651
GPX5	HsaINT1014809	chr6	28532421	28533960	+	1540	both	1	1	GPX5_28532590	GPX5_28533697	10	0.396753246753247
DHX16	HsaINT1011019	chr6	30657093	30659471	-	2379	both	1	1	DHX16_30658861	DHX16_30659389	8	0.50021017234132
NUDT3	HsaINT0116663	chr6	34293536	34295640	-	2105	both	1	2	NUDT3_34295412	NUDT3_34293995;NUDT3_34295237	5	0.438479809976247
RNF8	HsaINT0141860	chr6	37371575	37374619	+	3045	both	1	2	RNF8_37371871	RNF8_37374451;RNF8_37374455	12	0.417405582922824
CMTR1	HsaINT0066519	chr6	37476195	37477591	+	1397	both	1	1	CMTR1_37476528	CMTR1_37476808	16	0.505368647100931
DNAH8	HsaINT0049959	chr6	38783140	38786764	+	3625	both	1	1	DNAH8_38783946	DNAH8_38784130	6	0.38648275862069
NCR2	HsaINT1024631	chr6	41336429	41341793	+	5365	both	1	1	NCR2_41341222	NCR2_41336662	10	0.433178005591799
FOXP4	HsaINT0065737	chr6	41588732	41589770	+	1039	both	1	1	FOXP4_41588894	FOXP4_41589080	11	0.556304138594803
MDFI	HsaINT0101024	chr6	41649844	41653318	+	3475	both	1	2	MDFI_41652087	MDFI_41651496;MDFI_41652550	22	0.534676258992806
ADGRF1	HsaINT0071285	chr6	47027762	47028992	-	1231	both	1	2	ADGRF1_47028152	ADGRF1_47028084;ADGRF1_47028816	19	0.437855402112104
CENPQ	HsaINT0033461	chr6	49481081	49488351	+	7271	both	1	2	CENPQ_49481367	CENPQ_49482800;CENPQ_49482899	31	0.439416861504607
COL9A1	HsaINT0039742	chr6	70274773	70280811	-	6039	both	1	1	COL9A1_70280622	COL9A1_70277494	6	0.353204172876304
SLC17A5	HsaINT0151081	chr6	73644604	73653792	-	9189	both	1	1	SLC17A5_73645288	SLC17A5_73647159	15	0.416258570029383
COL12A1	HsaINT0037950	chr6	75202828	75205776	-	2949	both	1	1	COL12A1_75205012	COL12A1_75203604	19	0.476093591047813
MYO6	HsaINT0108903	chr6	75835957	75840584	+	4628	both	1	1	MYO6_75837487	MYO6_75840372	11	0.390017286084702
MMS22L	HsaINT0024621	chr6	97229404	97231425	-	2022	both	1	1	MMS22L_97229576	MMS22L_97230075	55	0.334322453016815
FBXL4	HsaINT0062698	chr6	98899482	98905425	-	5944	both	1	1	FBXL4_98899765	FBXL4_98901675	35	0.332940780619112
DDO	HsaINT0045864	chr6	110404951	110408333	-	3383	both	1	1	DDO_110407146	DDO_110406779	37	0.40910434525569
DDO	HsaINT0045863	chr6	110408443	110413290	-	4848	both	1	1	DDO_110409050	DDO_110410509	26	0.455858085808581
CDK19	HsaINT0032516	chr6	110614667	110621103	-	6437	both	1	1	CDK19_110620887	CDK19_110617970	21	0.411682460773652
PHACTR2	HsaINT0123740	chr6	143753913	143760400	+	6488	both	1	1	PHACTR2_143757712	PHACTR2_143757454	46	0.408908754623921
PHACTR2	HsaINT0123741	chr6	143760641	143765260	+	4620	both	1	1	PHACTR2_143763805	PHACTR2_143764192	24	0.405844155844156
NUP43	HsaINT0117130	chr6	149731736	149736470	-	4735	both	1	1	NUP43_149735711	NUP43_149731840	18	0.440337909186906
IYD	HsaINT0083480	chr6	150392505	150394098	+	1594	both	1	1	IYD_150392946	IYD_150393436	7	0.401505646173149
CNKSR3	HsaINT0037135	chr6	154433508	154441291	-	7784	both	1	1	CNKSR3_154441209	CNKSR3_154435894	18	0.420349434737924
SERAC1	HsaINT0147872	chr6	158148955	158150452	-	1498	both	1	1	SERAC1_158149869	SERAC1_158149192	16	0.385180240320427
WTAP	HsaINT1046747	chr6	159748370	159753459	+	5090	both	1	1	WTAP_159752302	WTAP_159753329	145	0.360117878192534
FGFR1OP	HsaINT0063934	chr6	167013568	167022408	+	8841	both	1	1	FGFR1OP_167015519	FGFR1OP_167016570	104	0.390453568600837
UNC93A	HsaINT1046025	chr6	167294699	167296031	+	1333	both	1	1	UNC93A_167295104	UNC93A_167295034	4	0.612903225806452
UNC93A	HsaINT1046026	chr6	167296262	167297944	+	1683	both	1	2	UNC93A_167297195	UNC93A_167296373;UNC93A_167296487	7	0.448603683897802
DACT2	HsaINT0044801	chr6	168311285	168319387	-	8103	both	1	1	DACT2_168312160	DACT2_168315728	51	0.512155991608046
FAM120B	HsaINT0059672	chr6	170391122	170395486	+	4365	both	1	2	FAM120B_170394165	FAM120B_170391695;FAM120B_170394025	101	0.487285223367698
DNAAF5	HsaINT0074885	chr7	756995	761752	+	4758	both	1	2	DNAAF5_757708	DNAAF5_758049;DNAAF5_758641	8	0.514922236233712
TTYH3	HsaINT0175260	chr7	2649989	2652186	+	2198	both	1	1	TTYH3_2651590	TTYH3_2652009	18	0.566424021838035
RAC1	HsaINT1028735	chr7	6387284	6391923	+	4640	both	1	1	RAC1_6388648	RAC1_6389465	1	0.444396551724138
ZNF12	HsaINT1047288	chr7	6692704	6697338	-	4635	both	1	1	ZNF12_6693656	ZNF12_6694742	39	0.415533980582524
DPY19L1	HsaINT1011807	chr7	34949899	34954697	-	4799	both	2	1	DPY19L1_34953481;DPY19L1_34953485	DPY19L1_34952407	40	0.330068764325901
TNS3	HsaINT0170704	chr7	47283866	47291954	-	8089	both	1	1	TNS3_47284414	TNS3_47290804	22	0.427123253801459
DDC	HsaINT0045804	chr7	50470172	50476623	-	6452	both	1	1	DDC_50473960	DDC_50475061	3	0.516429014259145
GRB10	HsaINT0072117	chr7	50703909	50710874	-	6966	both	1	1	GRB10_50704033	GRB10_50710734	31	0.457795004306632
LANCL2	HsaINT0090591	chr7	55391911	55398422	+	6512	both	1	1	LANCL2_55396256	LANCL2_55392305	21	0.411394348894349
BAZ1B	HsaINT0016778	chr7	73444130	73447263	-	3134	both	1	1	BAZ1B_73445095	BAZ1B_73444600	14	0.475430759412891
BAZ1B	HsaINT0016774	chr7	73459719	73462921	-	3203	both	1	1	BAZ1B_73459851	BAZ1B_73462405	30	0.412425850764908
GTF2IRD1	HsaINT0073330	chr7	74535139	74536166	+	1028	both	1	1	GTF2IRD1_74535529	GTF2IRD1_74535392	32	0.598249027237354
RCC1L	HsaINT1029062	chr7	75052797	75055900	-	3104	both	1	2	RCC1L_75055311	RCC1L_75054365;RCC1L_75055434	11	0.512564432989691
GNAT3	HsaINT1014594	chr7	80488677	80494604	-	5928	both	1	1	GNAT3_80491745	GNAT3_80494069	32	0.338562753036437
AKAP9	HsaINT0006330	chr7	92023010	92029894	+	6885	both	1	1	AKAP9_92027559	AKAP9_92027483	9	0.422657952069717
GAL3ST4	HsaINT0067350	chr7	100160960	100166501	-	5542	both	1	1	GAL3ST4_100164007	GAL3ST4_100163783	69	0.503608805485384
SLC26A5	HsaINT1041923	chr7	103393067	103397931	-	4865	both	1	1	SLC26A5_103394982	SLC26A5_103395956	37	0.429393627954779
SRPK2	HsaINT0159074	chr7	105127063	105132790	-	5728	both	1	1	SRPK2_105128019	SRPK2_105128078	16	0.46211592178771
PRKAR2B	HsaINT0131900	chr7	107140954	107146307	+	5354	both	1	1	PRKAR2B_107141801	PRKAR2B_107145697	9	0.401382144191259
DOCK4	HsaINT0051182	chr7	111747444	111755514	-	8071	both	1	1	DOCK4_111754929	DOCK4_111755352	13	0.388551604509974
DOCK4	HsaINT0051148	chr7	111940243	111944810	-	4568	both	1	1	DOCK4_111943366	DOCK4_111943074	42	0.367556917688266
MET	HsaINT0102072	chr7	116763269	116769644	+	6376	both	1	1	MET_116767455	MET_116769352	26	0.370765370138018
AHCYL2	HsaINT0005873	chr7	129413689	129422839	+	9151	both	1	2	AHCYL2_129414897	AHCYL2_129418997;AHCYL2_129419636	46	0.414490219648126
AKR1B1	HsaINT0006466	chr7	134451754	134458996	-	7243	both	1	2	AKR1B1_134458579	AKR1B1_134455971;AKR1B1_134456098	2	0.485434212342952
NUP205	HsaINT0116967	chr7	135607372	135614158	+	6787	both	1	1	NUP205_135609783	NUP205_135607795	9	0.41726830705761
NUP205	HsaINT0116982	chr7	135635658	135637930	+	2273	both	1	1	NUP205_135637400	NUP205_135636570	23	0.350637923449186
ZC3HAV1	HsaINT0184898	chr7	139084033	139089623	-	5591	both	1	1	ZC3HAV1_139084400	ZC3HAV1_139085193	12	0.435879091396888
LUC7L2	HsaINT0097729	chr7	139360323	139376061	+	15739	both	1	1	LUC7L2_139363021	LUC7L2_139364250	95	0.373657792744139
MGAM	HsaINT0102506	chr7	142034842	142036168	+	1327	both	1	1	MGAM_142035771	MGAM_142035554	17	0.394875659382065
PDIA4	HsaINT0122461	chr7	149006054	149008158	-	2105	both	1	1	PDIA4_149007541	PDIA4_149006977	16	0.579097387173397
WDR60	HsaINT0182338	chr7	158876692	158879683	+	2992	both	1	1	WDR60_158876960	WDR60_158879050	29	0.525401069518717
FBXO25	HsaINT0062842	chr8	451454	458368	+	6915	both	1	1	FBXO25_457140	FBXO25_455101	24	0.475054229934924
CLN8	HsaINT0036509	chr8	1771598	1780249	+	8652	both	1	2	CLN8_1773363	CLN8_1773236;CLN8_1777350	61	0.449491447064263
PRAG1	HsaINT1027891	chr8	8381835	8386320	-	4486	both	1	1	PRAG1_8385654	PRAG1_8382768	32	0.485956308515381
ERI1	HsaINT0057786	chr8	9003172	9007969	+	4798	both	1	1	ERI1_9006077	ERI1_9007243	16	0.389328887036265
DLC1	HsaINT0048417	chr8	13102854	13110741	-	7888	both	1	1	DLC1_13106646	DLC1_13103025	20	0.413919878296146
SLC7A2	HsaINT0153997	chr8	17558398	17560327	+	1930	both	1	1	SLC7A2_17559725	SLC7A2_17558504	10	0.409844559585492
PCM1	HsaINT0121334	chr8	17953187	17955469	+	2283	both	1	1	PCM1_17955275	PCM1_17954329	21	0.361366622864652
SH2D4A	HsaINT0149215	chr8	19361315	19364071	+	2757	both	1	1	SH2D4A_19362991	SH2D4A_19362111	55	0.420021762785637
LPL	HsaINT0095848	chr8	19948341	19951768	+	3428	both	1	1	LPL_19951366	LPL_19950345	11	0.438739789964994
PIWIL2	HsaINT0125614	chr8	22279585	22281119	+	1535	both	1	1	PIWIL2_22280116	PIWIL2_22280270	12	0.372638436482085
TNFRSF10B	HsaINT0169983	chr8	23024261	23027132	-	2872	both	1	1	TNFRSF10B_23025675	TNFRSF10B_23024763	18	0.422005571030641
DOCK5	HsaINT0051212	chr8	25336374	25340876	+	4503	both	1	1	DOCK5_25339612	DOCK5_25340758	81	0.409504774594715
TRIM35	HsaINT0172306	chr8	27294311	27298463	-	4153	both	1	1	TRIM35_27296048	TRIM35_27296408	13	0.424753190464724
SFRP1	HsaINT0148689	chr8	41303539	41308615	-	5077	both	1	1	SFRP1_41307986	SFRP1_41305296	2	0.522749655308253
CHD7	HsaINT0034673	chr8	60856889	60860903	+	4015	both	1	1	CHD7_60857673	CHD7_60859837	28	0.417683686176837
PREX2	HsaINT0131634	chr8	68224627	68231332	+	6706	both	1	1	PREX2_68226469	PREX2_68230751	15	0.411422606620936
ELOC	HsaINT1012486	chr8	73956055	73959764	-	3710	both	1	1	ELOC_73959084	ELOC_73959239	2	0.382210242587601
WWP1	HsaINT0183435	chr8	86458026	86461223	+	3198	both	1	1	WWP1_86459564	WWP1_86459312	18	0.367417135709819
RAD54B	HsaINT0136687	chr8	94467556	94475000	-	7445	both	1	1	RAD54B_94469245	RAD54B_94474599	7	0.401208865010074
DPY19L4	HsaINT0052034	chr8	94761835	94765182	+	3348	both	1	2	DPY19L4_94762369	DPY19L4_94763248;DPY19L4_94764360	28	0.441457586618877
EBAG9	HsaINT0053618	chr8	109550908	109553864	+	2957	both	1	1	EBAG9_109551389	EBAG9_109552477	2	0.334122421373013
EIF3H	HsaINT0055144	chr8	116648927	116655855	-	6929	both	1	1	EIF3H_116649827	EIF3H_116649430	0	0.366719584355607
COLEC10	HsaINT0039844	chr8	119103896	119105799	+	1904	both	1	1	COLEC10_119105216	COLEC10_119105609	7	0.374474789915966
ZHX2	HsaINT0185821	chr8	122781947	122863476	+	81530	both	1	1	ZHX2_122825766	ZHX2_122802441	36	0.475738991782166
TATDN1	HsaINT0163878	chr8	124508689	124515745	-	7057	both	2	1	TATDN1_124508983;TATDN1_124514736	TATDN1_124514732	10	0.395918945727646
WASHC5	HsaINT0085628	chr8	125044699	125047206	-	2508	both	1	1	WASHC5_125046998	WASHC5_125045620	18	0.441786283891547
ASAP1	HsaINT0013046	chr8	130128091	130134295	-	6205	both	1	2	ASAP1_130132519	ASAP1_130130344;ASAP1_130133342	11	0.415793714746172
TG	HsaINT0166266	chr8	132906901	132908185	+	1285	both	1	1	TG_132907373	TG_132907405	18	0.49727626459144
AGO2	HsaINT0054959	chr8	140549299	140551302	-	2004	both	1	1	AGO2_140550416	AGO2_140550506	13	0.539421157684631
CDC37L1	HsaINT0031611	chr9	4697880	4701863	+	3984	both	1	1	CDC37L1_4699343	CDC37L1_4700808	38	0.33960843373494
AK3	HsaINT0006142	chr9	4719308	4722505	-	3198	both	1	1	AK3_4722152	AK3_4719441	0	0.440587867417136
RIC1	HsaINT0086846	chr9	5743738	5745930	+	2193	both	1	1	RIC1_5745693	RIC1_5745443	34	0.367533059735522
TYRP1	HsaINT0175892	chr9	12708144	12708976	+	833	both	1	1	TYRP1_12708726	TYRP1_12708380	17	0.342136854741897
FREM1	HsaINT0065904	chr9	14842661	14845959	-	3299	both	1	1	FREM1_14843603	FREM1_14845696	34	0.413458623825402
CCDC171	HsaINT0025638	chr9	15657220	15666162	+	8943	both	1	1	CCDC171_15660683	CCDC171_15659071	37	0.38790115173879
FOCAD	HsaINT0087197	chr9	20862713	20865925	+	3213	both	1	1	FOCAD_20865404	FOCAD_20865108	25	0.341736694677871
DCAF12	HsaINT0045198	chr9	34093449	34096715	-	3267	both	1	1	DCAF12_34094999	DCAF12_34096455	10	0.455463728191001
KIF24	HsaINT0087921	chr9	34257982	34259595	-	1614	both	1	1	KIF24_34258679	KIF24_34258164	49	0.464684014869888
GRHPR	HsaINT0072289	chr9	37424976	37425921	+	946	both	1	1	GRHPR_37425662	GRHPR_37425658	5	0.58985200845666
FRMPD1	HsaINT1013914	chr9	37729854	37730983	+	1130	both	1	1	FRMPD1_37730762	FRMPD1_37730107	15	0.423893805309735
ALDH1A1	HsaINT0006734	chr9	72912123	72916919	-	4797	both	1	1	ALDH1A1_72915752	ALDH1A1_72912459	1	0.365853658536585
AUH	HsaINT0015878	chr9	91356156	91361627	-	5472	both	1	1	AUH_91357679	AUH_91356888	57	0.398574561403509
IPPK	HsaINT0081651	chr9	92640783	92642751	-	1969	both	2	2	IPPK_92641006;IPPK_92641010	IPPK_92641843;IPPK_92641871	10	0.564753682072118
PHF2	HsaINT0123971	chr9	93636526	93645628	+	9103	both	1	1	PHF2_93641412	PHF2_93637157	6	0.438866307810612
TDRD7	HsaINT0165400	chr9	97465029	97470557	+	5529	both	1	1	TDRD7_97468615	TDRD7_97470405	26	0.424308193163321
AKNA	HsaINT0006426	chr9	114347901	114350858	-	2958	both	1	2	AKNA_114349196	AKNA_114348259;AKNA_114349835	56	0.524340770791075
C5	HsaINT0024226	chr9	120976906	120980082	-	3177	both	1	1	C5_120977010	C5_120979112	26	0.390620081838212
NDUFA8	HsaINT0111907	chr9	122152409	122159626	-	7218	both	1	1	NDUFA8_122159283	NDUFA8_122156113	4	0.402327514546966
ADGRD2	HsaINT1002888	chr9	124475616	124476356	+	741	both	1	1	ADGRD2_124476087	ADGRD2_124475809	21	0.616734143049933
LRSAM1	HsaINT0097326	chr9	127462374	127467739	+	5366	both	1	1	LRSAM1_127467388	LRSAM1_127467589	25	0.490682072307119
PTRH1	HsaINT1028566	chr9	127716960	127724736	-	7777	both	1	2	PTRH1_127717909	PTRH1_127722582;PTRH1_127723644	47	0.562813424199563
KYAT1	HsaINT0028665	chr9	128838368	128842653	-	4286	both	1	1	KYAT1_128842399	KYAT1_128840449	29	0.49066728884741
TOR1B	HsaINT0171024	chr9	129804339	129807187	+	2849	both	1	1	TOR1B_129805563	TOR1B_129804954	119	0.491751491751492
HMCN2	HsaINT1015671	chr9	130386525	130388408	+	1884	both	1	1	HMCN2_130388178	HMCN2_130387729	9	0.508492569002123
HMCN2	HsaINT1015697	chr9	130410653	130418771	+	8119	both	1	1	HMCN2_130415146	HMCN2_130415332	12	0.478876708954305
NUP214	HsaINT0117082	chr9	131151895	131159382	+	7488	both	1	2	NUP214_131155033	NUP214_131153868;NUP214_131154095	3	0.420405982905983
PRRC2B	HsaINT0016690	chr9	131436723	131438988	+	2266	both	1	1	PRRC2B_131436894	PRRC2B_131437124	23	0.480582524271845
RAPGEF1	HsaINT0137329	chr9	131630325	131638634	-	8310	both	1	1	RAPGEF1_131638007	RAPGEF1_131634825	31	0.458965102286402
SETX	HsaINT0148409	chr9	132349436	132353648	-	4213	both	1	1	SETX_132351351	SETX_132353228	53	0.395205316876335
DDX31	HsaINT0046150	chr9	132642064	132645894	-	3831	both	1	1	DDX31_132644464	DDX31_132642243	28	0.432002088227617
SARDH	HsaINT0144937	chr9	133708429	133712618	-	4190	both	1	1	SARDH_133711348	SARDH_133710354	11	0.624821002386635
RXRA	HsaINT0144184	chr9	134421806	134429107	+	7302	both	1	1	RXRA_134423713	RXRA_134425918	2	0.623801698164886
ARRDC1	HsaINT0012820	chr9	137605836	137612895	+	7060	both	1	1	ARRDC1_137606369	ARRDC1_137606679	104	0.593342776203966
FAM9A	HsaINT0061706	chrX	8796383	8798149	-	1767	both	1	1	FAM9A_8797185	FAM9A_8796537	28	0.320316921335597
OFD1	HsaINT0117994	chrX	13755243	13756577	+	1335	both	1	1	OFD1_13755495	OFD1_13755796	24	0.387265917602996
PHKA2	HsaINT0124205	chrX	18929307	18931640	-	2334	both	1	1	PHKA2_18930762	PHKA2_18929906	16	0.484575835475578
RPGR	HsaINT0142441	chrX	38318988	38321026	-	2039	both	1	2	RPGR_38319556	RPGR_38320699;RPGR_38320730	49	0.358018636586562
DGKK	HsaINT0047373	chrX	50369020	50370425	-	1406	both	1	1	DGKK_50369330	DGKK_50370257	16	0.436699857752489
KIF4A	HsaINT0088059	chrX	70333690	70341798	+	8109	both	1	1	KIF4A_70333785	KIF4A_70341523	14	0.358983845110371
VSIG1	HsaINT0181048	chrX	108067135	108072676	+	5542	both	1	1	VSIG1_108069303	VSIG1_108068138	11	0.3985925658607
ALG13	HsaINT0007011	chrX	111713298	111717845	+	4548	both	1	1	ALG13_111716097	ALG13_111717678	63	0.360817941952507
WDR44	HsaINT0182142	chrX	118432895	118436701	+	3807	both	1	1	WDR44_118436481	WDR44_118435892	47	0.353033884948779
NKAP	HsaINT0113755	chrX	119938811	119943219	-	4409	both	1	1	NKAP_119942212	NKAP_119942528	10	0.431390337945112
OCRL	HsaINT0117770	chrX	129576553	129584343	+	7791	both	1	1	OCRL_129579316	OCRL_129582470	31	0.371325888846104
ZDHHC9	HsaINT1047166	chrX	129811510	129812717	-	1208	both	1	1	ZDHHC9_129812022	ZDHHC9_129812502	4	0.39817880794702
BCORL1	HsaINT0017328	chrX	130005318	130012577	+	7260	both	1	1	BCORL1_130009574	BCORL1_130012260	36	0.496556473829201
BCORL1	HsaINT0017335	chrX	130025380	130028634	+	3255	both	1	2	BCORL1_130027018	BCORL1_130025578;BCORL1_130028157	27	0.478033794162827
IGSF1	HsaINT0079542	chrX	131281945	131282443	-	499	both	1	1	IGSF1_131282138	IGSF1_131282161	6	0.44689378757515
GPR50	HsaINT0071671	chrX	151176909	151179770	+	2862	both	1	1	GPR50_151177343	GPR50_151179174	27	0.570230607966457
ZNF275	HsaINT0186679	chrX	153336711	153345519	+	8809	both	1	1	ZNF275_153339028	ZNF275_153344211	87	0.448177999772959
RPS4Y1	HsaINT0142984	chrY	2845744	2854599	+	8856	both	1	1	RPS4Y1_2853690	RPS4Y1_2846465	3	0.441056910569106
