intron_class	feature	n	median	q1	q3
none	psi_count_ge10	174254	18	8	40
cryptic	psi_count_ge10	13244	18	8	34
decoy	psi_count_ge10	4770	20	9	40
both	psi_count_ge10	697	21	10	39
none	psi_count_ge10_brain	174254	3	1	8
cryptic	psi_count_ge10_brain	13244	3	1	6
decoy	psi_count_ge10_brain	4770	3	1	8
both	psi_count_ge10_brain	697	3	1	7
none	intron_length	174254	1478	477	4347
cryptic	intron_length	13244	3229.5	1688.75	5804.25
decoy	intron_length	4770	2915.5	1673	4862.75
both	intron_length	697	4286	2580	6376
none	intron_gc	174254	0.432723194226046	0.376269407328095	0.528571428571429
cryptic	intron_gc	13244	0.459970923726464	0.405345164665968	0.520793600091688
decoy	intron_gc	4770	0.412055980092052	0.373626373626374	0.468577118739748
both	intron_gc	697	0.441870824053452	0.40122788010112	0.497327125366443
none	exon_gc	174254	0.497267759562842	0.426900584795322	0.577777777777778
cryptic	exon_gc	13244	0.528052805280528	0.452978883861237	0.595022012821503
decoy	exon_gc	4770	0.461815414524339	0.407894736842105	0.537014230979748
both	exon_gc	697	0.50354609929078	0.429203539823009	0.581016299137105
none	gc_ratio	174254	0.904577571930424	0.811120857371111	1.00349006350228
cryptic	gc_ratio	13244	0.890090558817333	0.813861024733108	0.973394488352387
decoy	gc_ratio	4770	0.900295813133053	0.817176940101058	0.988370787338408
both	gc_ratio	697	0.89014742898238	0.81778014137251	0.99286404519438
