compilation	site_class	sites	with_junction	median_reads_if_used	median_reads_all
gtexv2	decoy	5679	0.827082232787463	163	80
gtexv2	cryptic_supported	16295	0.705062902730899	93	28
gtexv2	altd_alternative	77349	0.870108210836598	2120.5	1169
gtexv2	altd_reference	55993	0.905684639151323	13006	6692
srav3h	decoy	5679	0.950871632329635	819	686
srav3h	cryptic_supported	16295	0.865848419760663	344	211
srav3h	altd_alternative	77349	0.927846513852797	10078.5	7396
srav3h	altd_reference	55993	0.960084296251317	55749	42480
tcgav2	decoy	5679	0.707695016728297	79	25
tcgav2	cryptic_supported	16295	0.573672905799325	51	8
tcgav2	altd_alternative	77349	0.8369856106737	935	423
tcgav2	altd_reference	55993	0.886021466969086	6269	2665
